Maximum of Subsidiary Legal Name,Maximum of Name,Document Number,Date,Maximum of Due Date/Receive By,Period,Type,Maximum of Department,Maximum of Amount,Maximum of Amount Paid,Status,Maximum of Memo (Main),Maximum of Date Closed
"Nexus Land Holdings, LLC","Trapp Law Firm, PC",904,3/31/2025,4/30/2025,Mar 2025,Bill,Infrastructure : Legal - Infra,"1,500.00 ","1,500.00 ",Paid In Full,DM Company Formation - March 2025,10/3/2025
"Nexus Apex Holdings, LLC",Kimley Horn and Associates Inc,060057400-0425,4/30/2025,4/30/2025,Apr 2025,Bill,Development : Regulatory : Regulatory Gen,"22,400.00 ","22,400.00 ",Paid In Full,"DM Task 1 - workload review & coordination, rainfall research, rainfallanalysis, water balance calculations, rainfall data cleanup - April 2025",5/29/2025
"Nexus Land Holdings, LLC","Trapp Law Firm, PC",924,4/30/2025,5/30/2025,Apr 2025,Bill,Infrastructure : Legal - Infra,"3,000.00 ","3,000.00 ",Paid In Full,DM Company Formation - April 2025,9/11/2025
"Nexus Land Holdings, LLC","Trapp Law Firm, PC",925,4/30/2025,5/30/2025,Apr 2025,Bill,Infrastructure : Legal - Infra,"1,815.00 ","1,815.00 ",Paid In Full,DM Company Formation - April 2025,7/1/2025
"Nexus Land Holdings, LLC","Trapp Law Firm, PC",933,4/30/2025,5/30/2025,Apr 2025,Bill,Infrastructure : Legal - Infra,405.00 ,405.00 ,Paid In Full,DM Company Formation - don't have invoice left as legal fees - April 2025,10/3/2025
"Nexus Land Holdings, LLC",Rachel Massey,4,5/4/2025,5/19/2026,Jul 2026,Bill,Infrastructure : Residential Improvements - Infra,645.00 ,645.00 ,Paid In Full,Paid via check 1057,5/4/2026
"Nexus Apex Holdings, LLC",Terradyne Engineering,D251128-001,5/6/2025,5/6/2025,May 2025,Bill,Development : Engineering : Engineering Gen,"10,665.00 ","10,665.00 ",Paid In Full,DM Initial payment,5/7/2025
"Nexus Data Centers, LLC",Simplify Compliance LLC (datacenterHawk),79510,5/8/2025,6/7/2025,May 2025,Bill,Corporate : IT : Services / License,"10,660.00 ","10,660.00 ",Paid In Full,DM Texas Hyperscale - 5/25 - 4/26,6/2/2025
"Nexus Apex Holdings, LLC",PRAIRIELANDS GROUNDWATER CONSERVATION DISTRICT,2025-0358,5/19/2025,6/10/2025,May 2025,Bill,Development : Utilities : Utilities Gen,"2,008.94 ","2,008.94 ",Paid In Full,DM 2025 Operating Production Water Use Fees (OP-25-085) - 1Q 2025 and Q2 2025 - Q1 and Q2 2025,6/3/2025
"Nexus Data Centers, LLC",Grant Woodward,INV-0016,5/28/2025,5/28/2025,May 2025,Bill,Corporate : Marketing / Branding,"1,159.66 ","1,159.66 ",Paid In Full,"DM Initial renderings - 14,000 ZAR",5/28/2025
"Nexus Data Centers, LLC",Krysta De Lima,I-17,5/29/2025,6/28/2025,May 2025,Bill,Corporate : Legal,"31,590.00 ","31,590.00 ",Paid In Full,DM Legal Services - March 2025 - May 2025,6/24/2025
"Nexus Apex Holdings, LLC",Kimley Horn and Associates Inc,060057400-0525,5/31/2025,5/31/2025,May 2025,Bill,Development : Regulatory : Regulatory Gen,"48,375.00 ","48,375.00 ",Paid In Full,DM May 2025 - Water Consulting - Drainage Analysis - Thru May 2025,8/28/2025
"Nexus Data Centers, LLC",Regus Corporation,7970-398,5/31/2025,6/15/2025,May 2025,Bill,Corporate : HQ / Office,"21,631.18 ","21,631.18 ",Paid In Full,DM Hughes Landing Workspace  - May 2025,6/12/2025
"Nexus Land Holdings, LLC","Trapp Law Firm, PC",952,5/31/2025,6/30/2025,May 2025,Bill,Infrastructure : Legal - Infra,"19,156.25 ","19,156.25 ",Paid In Full,"DM May 2025 Legal Services for land also has $13,531.25 for Blackland survey cost - KH - May 2025",6/27/2025
"Nexus Data Centers, LLC","Braintek, LLC",44383,6/1/2025,6/16/2025,Jun 2025,Bill,Corporate : IT : Services / License,"4,113.50 ","4,113.50 ",Paid In Full,DM Onboarding - May 2025,6/13/2025
"Nexus Data Centers, LLC","Braintek, LLC",44384,6/1/2025,6/16/2025,Jun 2025,Bill,Corporate : IT : Services / License,"1,809.07 ","1,809.07 ",Paid In Full,DM June - Monthly Maintenance - June 2025,6/13/2025
"Nexus Apex Holdings, LLC",SLR international corporation,10015186,6/5/2025,6/5/2025,Jun 2025,Bill,Development : Regulatory : Regulatory Procore,"3,283.75 ","3,283.75 ",Paid In Full,DM Consulting services - May 2025,6/23/2025
"Nexus Apex Holdings, LLC",Terradyne Engineering,D251128-002,6/5/2025,6/10/2025,Jun 2025,Bill,Development : Engineering : Engineering Gen,"21,335.00 ","21,335.00 ",Paid In Full,"DM G0007 - 4 borings drilled, lab testing
and geotechnical report - June 2025",6/10/2025
"Nexus Data Centers, LLC","PitchLift, Inc.",1856,6/8/2025,6/8/2025,Jun 2025,Bill,Corporate : Marketing / Branding,"3,750.00 ","3,750.00 ",Paid In Full,"DM Express Deck Upgrade (Long Form) -
Design-focused - One time deck",6/9/2025
"Nexus Data Centers, LLC",Simplify Compliance LLC (datacenterHawk),80939-B1,6/9/2025,6/9/2025,Jun 2025,Bill,Corporate : IT : Services / License,"6,662.50 ","6,662.50 ",Paid In Full,DM North American Access - Installment #1 - 4/25 to 4/26,6/10/2025
"Nexus Data Centers, LLC",Isadora Design LLC,IA-NEXUS 45820,6/12/2025,6/12/2025,Jun 2025,Bill,Corporate : Marketing / Branding,"33,900.00 ","33,900.00 ",Paid In Full,DM Website Design - 1st installment for SOW - Installment payment,6/20/2025
"Nexus Data Centers, LLC","PitchLift, Inc.",1861,6/19/2025,6/19/2025,Jun 2025,Bill,Corporate : Marketing / Branding,"2,250.00 ","2,250.00 ",Paid In Full,"DM Express Deck Upgrade (Long Form) -
Design-focused - One time deck",6/20/2025
"Nexus Apex Holdings, LLC","EXP Energy Services, Inc.",5202519,6/19/2025,6/19/2025,Jun 2025,Bill,Development : Regulatory : Regulatory Procore,"9,283.51 ","9,283.51 ",Paid In Full,DM May Services - Environmental Studies - May 2025,6/23/2025
"Nexus Apex Holdings, LLC",PRAIRIELANDS GROUNDWATER CONSERVATION DISTRICT,2025-0497,6/20/2025,6/20/2025,Jun 2025,Bill,Development : Utilities : Utilities Gen,"1,004.47 ","1,004.47 ",Paid In Full,DM Water usage fees - Q3 2025 - Q3 2025,7/10/2025
"Nexus Land Holdings, LLC","Trapp Law Firm, PC",974,6/30/2025,7/30/2025,Jun 2025,Bill,Infrastructure : Legal - Infra,"3,780.00 ","3,780.00 ",Paid In Full,DM Land and Power legal consulting - confirmed land KH - June 2025,9/22/2025
"Nexus Data Centers, LLC","AMP DATA CENTER GROUP, LLC",50001,7/1/2025,7/15/2025,Jul 2025,Bill,Corporate : Business development,"20,000.00 ","20,000.00 ",Paid In Full,DM Sales/Leasing Advisory - July 2025,7/17/2025
"Nexus Data Centers, LLC",Grant Woodward,INV-0017,7/6/2025,7/6/2025,Jul 2025,Bill,Corporate : Marketing / Branding,"2,700.00 ","2,700.00 ",Paid In Full,"DM Initial renderings - 33,250 ZAR",7/9/2025
"Nexus Hubbard Power, LLC",Everllence USA INC,6803237,7/7/2025,7/22/2025,Jul 2025,Bill,Development : Asset Procurement : Asset Procurement Procore,"15,600,000.00 ","15,600,000.00 ",Paid In Full,DM Reservation fee for 13 units  - Prepaid equipment asset,7/14/2025
"Nexus Hubbard Power, LLC",Oncor Electric Delivery Company LLC,ESD0184399,7/10/2025,8/9/2025,Jul 2025,Bill,Infrastructure : Acquisition costs - Infra,"4,500.00 ","4,500.00 ",Paid In Full,DM Easement payment - see email support & invoice,7/14/2025
"Nexus Data Centers, LLC",Kirkland & Ellis LLP,1020033606,7/14/2025,7/14/2025,Jul 2025,Bill,Corporate : Legal,"133,178.77 ","133,178.77 ",Paid In Full,DM June 2025 legal services - June 2025,7/17/2025
"Nexus Data Centers, LLC",Isadora Design LLC,IA-NEXUS 45852,7/14/2025,7/14/2025,Jul 2025,Bill,Corporate : Marketing / Branding,"22,100.00 ","22,100.00 ",Paid In Full,DM Website Design - 2nd installment for SOW - Installment payment,7/17/2025
"Nexus Apex Holdings, LLC",SLR international corporation,10016492,7/15/2025,7/15/2025,Jul 2025,Bill,Development : Regulatory : Regulatory Procore,"3,283.75 ","3,283.75 ",Paid In Full,DM Consulting services - 5/31 to 7/4,7/8/2025
"Nexus Apex Holdings, LLC",Dotterweich Carlson Mehner Design,25-0009-01,7/15/2025,7/15/2025,Jul 2025,Bill,Development : Engineering : Engineering Gen,"20,625.00 ","20,625.00 ",Paid In Full,DM Architectural services and structural engineering,7/17/2025
"Nexus Apex Holdings, LLC",Collin W Lynch,CL-INV-2,7/15/2025,7/15/2026,Jul 2026,Bill,Corporate : Workforce,292.50 ,292.50 ,Paid In Full,HUbbard PD off-duty officer hours,7/24/2026
"Nexus Data Centers, LLC","Intergra One LLC (Critical Construction Management, LLC )",INV-200015445,7/16/2025,8/15/2025,Jul 2025,Bill,Corporate : Business development,"175,000.00 ","175,000.00 ",Paid In Full,DM Development Plan and Due Diligence - 50% complete as of this date,8/13/2025
Nexus Data Centers Hubbard LLC,"HDR Engineering, Inc.",1200847248,7/21/2025,8/20/2025,Jul 2025,Bill,Development : Engineering : Engineering Procore,"56,020.00 ",0.00 ,Pending Approval,BASIC SERVICES - LUMP SUM,
"Nexus Apex Holdings, LLC","EXP Energy Services, Inc.",6202517,7/21/2025,7/21/2025,Jul 2025,Bill,Development : Regulatory : Regulatory Procore,"2,706.25 ","2,706.25 ",Paid In Full,DM June Services - Environmental and community plan - June 2025,7/23/2025
"Nexus Data Centers, LLC",Isadora Design LLC,IA-NEXUS45861,7/23/2025,7/23/2025,Jul 2025,Bill,Corporate : Marketing / Branding,"8,845.00 ","8,845.00 ",Paid In Full,DM Website Design - 3rd installment for SOW - Installment payment,7/30/2025
"Nexus Apex Holdings, LLC",NTX Drone Services LLC (Inactive),7,7/24/2025,8/23/2025,Jul 2025,Bill,Development : Site Services : Site Services Gen,"13,853.84 ","13,853.84 ",Paid In Full,DM Photogrammetry mapping & APVBASIC,8/20/2025
"Nexus Data Centers, LLC","BMP Partners, Inc",447899,7/28/2025,8/27/2025,Jul 2025,Bill,Corporate : Marketing / Branding,"1,889.84 ","1,889.84 ",Paid In Full,DM Marketing Items - Tumblers- Navy,9/25/2025
"Nexus Data Centers, LLC",Marsh USA LLC,801027364092,7/28/2025,7/28/2025,Jul 2025,Bill,Operations : Insurance,"6,728.00 ","6,728.00 ",Paid In Full,DM D&O Liab Insurance - annual premium payment - 7/3/2025-7/3/2026,7/31/2025
"Nexus Data Centers, LLC",Regus Corporation,7970-523,7/31/2025,8/15/2025,Jul 2025,Bill,Corporate : HQ / Office,"11,474.10 ","11,474.10 ",Paid In Full,DM September rent; July office services,8/18/2025
"Nexus Land Holdings, LLC","Trapp Law Firm, PC",995,7/31/2025,8/30/2025,Jul 2025,Bill,Infrastructure : Legal - Infra,"6,165.00 ","6,165.00 ",Paid In Full,DM Company Formation - this is actually land checked inv -KH - July 2025,9/11/2025
"Nexus Data Centers, LLC","Braintek, LLC",44624,8/1/2025,8/16/2025,Aug 2025,Bill,Corporate : IT : Services / License,"2,265.94 ","2,265.94 ",Paid In Full,DM August - Monthly Maintenance - August 2025,9/11/2025
"Nexus Data Centers, LLC","AMP DATA CENTER GROUP, LLC",50002,8/1/2025,8/15/2025,Aug 2025,Bill,Corporate : Business development,"20,000.00 ","20,000.00 ",Paid In Full,DM Sales/Leasing Advisory - August 2025,8/11/2025
"Nexus Data Centers, LLC","Intergra One LLC (Critical Construction Management, LLC )",INV-200015457,8/1/2025,8/31/2025,Aug 2025,Bill,Corporate : Business development,"175,000.00 ","175,000.00 ",Paid In Full,DM Development Plan and Due Diligence - Remaining 50% - July 2025,8/26/2025
"Nexus Data Centers, LLC",Kirkland & Ellis LLP,1020034087,8/5/2025,8/6/2025,Aug 2025,Bill,Corporate : Legal,"437,829.40 ","437,829.40 ",Paid In Full,DM July 2025 legal services  - July 2025,8/8/2025
"Nexus Data Centers, LLC",Simplify Compliance LLC (datacenterHawk),80939-B2,8/7/2025,9/9/2025,Aug 2025,Bill,Corporate : IT : Services / License,"6,662.50 ","6,662.50 ",Paid In Full,DM North American Access - Installment #2 - 4/25 to 4/26,8/28/2025
"Nexus Apex Holdings, LLC",SLR international corporation,10017615,8/13/2025,8/13/2025,Aug 2025,Bill,Development : Regulatory : Regulatory Procore,"33,361.25 ","33,361.25 ",Paid In Full,DM Initial emissions data research & feasibility & design analysis  - July 2025,8/28/2025
"Nexus Hubbard Power, LLC","Exp U.S. Services, Inc.",156079,8/13/2025,8/23/2025,Aug 2025,Bill,Development : Engineering : Engineering Procore,"4,540.00 ","4,540.00 ",Paid In Full,DM CSA Engineering - RUS-25010731-AO - Nexus Hubbard - July 2025,9/30/2025
"Nexus Apex Holdings, LLC","FLYGUYS, INC.",19718,8/13/2025,9/12/2025,Aug 2025,Bill,Development : Site Services : Site Services Gen,"23,650.00 ","23,650.00 ",Paid In Full,DM Hubbard LIDAR Scan - August 2025,9/25/2025
"Nexus Apex Holdings, LLC",PRAIRIELANDS GROUNDWATER CONSERVATION DISTRICT,2025-0583,8/18/2025,8/21/2025,Aug 2025,Bill,Development : Utilities : Utilities Gen,"10,125.82 ","10,125.82 ",Paid In Full,DM Well Registration PGCD-003626 - Usage fees  - Q1 - Q3 2025,8/28/2025
"Nexus Apex Holdings, LLC","EXP Energy Services, Inc.",7202520,8/18/2025,10/1/2025,Aug 2025,Bill,Development : Regulatory : Regulatory Procore,"5,904.00 ","5,904.00 ",Paid In Full,DM Environmental Consulting - HOU-25007091-00 - July 2025,9/30/2025
"Nexus Data Centers, LLC",Marsh USA LLC,801028843362,8/18/2025,8/18/2025,Aug 2025,Bill,Operations : Insurance,"26,875.00 ","26,875.00 ",Paid In Full,DM Insurance Advisory - Property Risk Consulting - August 2025,8/28/2025
"Nexus Data Centers, LLC",Marsh USA LLC,801020647450,8/20/2025,8/22/2025,Aug 2025,Bill,Operations : Insurance,"7,579.35 ","7,579.35 ",Paid In Full,DM Energy general liab & excess liab premiums and fees - 8/4/2025-8/4/2026,8/28/2025
"Nexus Apex Holdings, LLC",SLR international corporation,10017874,8/21/2025,8/21/2025,Aug 2025,Bill,Development : Regulatory : Regulatory Procore,"18,241.06 ","18,241.06 ",Paid In Full,DM Environmental Consulting - Noise Study - 7/19/2025 - 8/15/2025,9/30/2025
"Nexus Apex Holdings, LLC",Terradyne Engineering,D251227-001,8/26/2025,8/26/2025,Aug 2025,Bill,Development : Engineering : Engineering Gen,"150,000.00 ","150,000.00 ",Paid In Full,DM Initial payment  - August 2025,9/11/2025
"Nexus Data Centers, LLC",Abdellah Kettani,SFF6818 8.18,8/28/2025,8/28/2025,Aug 2025,Bill,Corporate : Corporate,110.00 ,110.00 ,Paid In Full,DM Transportation - Ivan Car Service,10/3/2025
"Nexus Land Holdings, LLC","Trapp Law Firm, PC",1012,8/31/2025,9/30/2025,Aug 2025,Bill,Infrastructure : Legal - Infra,"20,632.50 ","20,632.50 ",Paid In Full,"DM Company Formation - this is actually land checked inv -KH - Overpayment of August invoice that was applied as a credit to the October invoice #17,520",10/3/2025
"Nexus Hubbard Power, LLC",Pastore Houldsworth & Co LLC,2025-2180,8/31/2025,9/30/2025,Aug 2025,Bill,Development : Consulting : Consulting Gen,"91,033.24 ","91,033.24 ",Paid In Full,DM PPA Consulting - August 2025,9/22/2025
"Nexus Apex Holdings, LLC",CI Mission Critical LLC,500.60.25152.000-1,8/31/2025,9/15/2025,Aug 2025,Bill,Development : Engineering : Engineering Gen,"63,825.00 ","63,825.00 ",Paid In Full,"DM Detailed Design - Architectual, MEP Master Planning - August 2025",10/1/2025
"Nexus Apex Holdings, LLC",CI Mission Critical LLC,500.60.25152.000-2,8/31/2025,9/15/2025,Aug 2025,Bill,Development : Engineering : Engineering Gen,"5,000.00 ","5,000.00 ",Paid In Full,"DM Detailed Design - Architectual, MEP Master Planning - September 2025",10/30/2025
"Nexus Data Centers, LLC",Regus Corporation,7970-610,8/31/2025,9/15/2025,Aug 2025,Bill,Corporate : HQ / Office,"13,337.89 ","13,337.89 ",Paid In Full,"DM October rent; August IT services, meeting room, copy/print, and kitchen",9/18/2025
"Nexus Data Centers, LLC","Braintek, LLC",44722,9/1/2025,9/16/2025,Sep 2025,Bill,Corporate : IT : Services / License,"2,777.41 ","2,777.41 ",Paid In Full,DM September - Monthly Maintenance - September 2025,9/11/2025
"Nexus Data Centers, LLC","AMP DATA CENTER GROUP, LLC",50003,9/1/2025,9/15/2025,Sep 2025,Bill,Corporate : Business development,"20,000.00 ","20,000.00 ",Paid In Full,DM Sales/Leasing Advisory - September 2025,9/11/2025
"Nexus Hubbard Power, LLC","Industrial Project Innovation, LLC",Nexus-001,9/2/2025,10/2/2025,Sep 2025,Bill,Development : Project Management : Project Management Procore,"20,160.00 ","20,160.00 ",Paid In Full,DM Schedule mgmt services for Nexus Program Team - August 2025,9/24/2025
"Nexus Apex Holdings, LLC",SLR international corporation,10018257,9/4/2025,9/4/2025,Sep 2025,Bill,Development : Regulatory : Regulatory Procore,"38,251.25 ","38,251.25 ",Paid In Full,DM Phase 2 Feasibility and Design Analysis - August 2025,10/15/2025
"Nexus Data Centers, LLC",Kirkland & Ellis LLP,1020034612,9/4/2025,9/4/2025,Sep 2025,Bill,Corporate : Legal,"243,150.65 ","243,150.65 ",Paid In Full,DM Services and expenses for legal - August 2025 - August 2025,9/25/2025
"Nexus Data Centers, LLC",EEGrid Analytics LLC,25-19,9/5/2025,9/18/2025,Sep 2025,Bill,Corporate : IT : Services / License,"16,237.50 ","16,237.50 ",Paid In Full,DM Grid Electricity Pricing Software License for one year - 12 months,9/25/2025
"Nexus Hubbard Power, LLC",Oncor Electric Delivery Company LLC,Email support,9/9/2025,10/9/2025,Sep 2025,Bill,Infrastructure : Acquisition costs - Infra,"1,750.00 ","1,750.00 ",Paid In Full,DM Release of easements for HUB-02 (see email support),9/12/2025
"Nexus Data Centers, LLC",Abdellah Kettani,SFF6818,9/10/2025,10/1/2025,Sep 2025,Bill,Corporate : Corporate,130.00 ,130.00 ,Paid In Full,DM Transportation - Ivan Car Service,10/3/2025
"Nexus Data Centers, LLC",Abdellah Kettani,SFF6818 9.10,9/10/2025,9/10/2025,Sep 2025,Bill,Corporate : Corporate,130.00 ,130.00 ,Paid In Full,DM Transportation - Ivan Car Service,10/3/2025
"Nexus Data Centers, LLC",Newmark Partners LP,464914-001,9/12/2025,9/27/2025,Sep 2025,Bill,Corporate : Finance,"75,000.00 ","75,000.00 ",Paid In Full,DM Project Apex Land Valuation,9/25/2025
"Nexus Land Holdings, LLC",ROCKIN' B SURVEY,2025-362,9/19/2025,9/19/2025,Sep 2025,Bill,Infrastructure : Acquisition costs - Infra,"1,374.78 ","1,374.78 ",Paid In Full,"DM Survey invoice - BOUNDARY SURVEY 0.176 ACRE TRACT, HILL COUNTY, TEXAS - Coffee 1&2",9/24/2025
"Nexus Data Centers, LLC",Abdellah Kettani,SFF6818 9.21,9/21/2025,9/21/2025,Sep 2025,Bill,Corporate : Corporate,130.00 ,130.00 ,Paid In Full,DM Transportation - Ivan Car Service,10/3/2025
"Nexus Apex Holdings, LLC","EXP Energy Services, Inc.",8202516,9/22/2025,9/22/2025,Sep 2025,Bill,Development : Regulatory : Regulatory Procore,"30,792.16 ","30,792.16 ",Paid In Full,"DM Envi studies, equator principles, water samples - 7/26/2025-8/29/2025",9/26/2025
"Nexus Hubbard Power, LLC","Exp U.S. Services, Inc.",157369,9/24/2025,9/24/2025,Sep 2025,Bill,Development : Engineering : Engineering Procore,"40,860.00 ","40,860.00 ",Paid In Full,"DM Preliminary Power Design, Electrical Master Plan for August - August 2025",11/14/2025
"Nexus Hubbard Power, LLC",Pastore Houldsworth & Co LLC,2025 - 2187,9/25/2025,10/25/2025,Sep 2025,Bill,Development : Consulting : Consulting Gen,"11,366.76 ","11,366.76 ",Paid In Full,DM September 2025 consulting services - 9/1-9/22 2025,2/26/2026
"Nexus Apex Holdings, LLC",CI Mission Critical LLC,500.60.25152.000-1.2,9/25/2025,10/10/2025,Sep 2025,Bill,Development : Engineering : Engineering Gen,"13,825.00 ","13,825.00 ",Paid In Full,"DM Detailed Design - Architectual, MEP Master Planning - August 2025",10/15/2025
"Nexus Land Holdings, LLC","Trapp Law Firm, PC",1031,9/30/2025,10/30/2025,Sep 2025,Bill,Infrastructure : Legal - Infra,"23,962.50 ","23,962.50 ",Paid In Full,DM Company Formation & LPA matters only small amount is company formation - September 2025,10/22/2025
"Nexus Data Centers, LLC",PwC US Tax LLP,208A026294,9/30/2025,10/30/2025,Sep 2025,Bill,Corporate : Accounting,"51,494.00 ","51,494.00 ",Paid In Full,"DM Services through July 31, 2025 (pursuant to 6/5 EL) - June / July 2025",10/22/2025
"Nexus Data Centers, LLC",Regus Corporation,7970-693,9/30/2025,10/15/2025,Sep 2025,Bill,Corporate : HQ / Office,"11,875.26 ","11,875.26 ",Paid In Full,DM Nov rent; September services,10/17/2025
"Nexus Data Centers, LLC",Abdellah Kettani,SFF 6818 8.27,9/30/2025,9/30/2025,Sep 2025,Bill,Corporate : Corporate,130.00 ,130.00 ,Paid In Full,DM Transportation - Ivan Car Service,9/30/2025
"Nexus Land Holdings, LLC",ROCKIN' B SURVEY,2025-405,10/1/2025,10/1/2025,Oct 2025,Bill,Infrastructure : Acquisition costs - Infra,"1,807.78 ","1,807.78 ",Paid In Full,DM Boundary survey & doc fee - Coffee 1&2 parcels,10/2/2025
"Nexus Land Holdings, LLC",ONPOINT Transactions LLC,3373,10/1/2025,10/1/2025,Oct 2025,Bill,Infrastructure : Acquisition costs - Infra,"13,000.00 ","13,000.00 ",Paid In Full,DM Real estate support - September 2025,10/2/2025
"Nexus Data Centers, LLC","Braintek, LLC",44819,10/1/2025,10/16/2025,Oct 2025,Bill,Corporate : IT : Services / License,"2,983.82 ","2,983.82 ",Paid In Full,DM October - Monthly Maintenance - October 2025,10/7/2025
"Nexus Data Centers, LLC","AMP DATA CENTER GROUP, LLC",50004,10/1/2025,10/15/2025,Oct 2025,Bill,Corporate : Business development,"20,000.00 ","20,000.00 ",Paid In Full,DM Sales/Leasing Advisory - October 2025,10/6/2025
"Nexus Data Centers, LLC",Isadora Design LLC,IA-NEXUS45931,10/1/2025,10/16/2025,Oct 2025,Bill,Corporate : Marketing / Branding,"23,000.00 ","23,000.00 ",Paid In Full,DM Ad - Installment payment,10/7/2025
"Nexus Hubbard Power, LLC",Everllence USA INC,N/A,10/1/2025,10/16/2025,Oct 2025,Bill,Development : Asset Procurement : Asset Procurement Procore,"19,953,015.00 ","19,953,015.00 ",Paid In Full,DM See contract - 20% payment on MAN 13 engines less reservation fee ($15.6M),10/1/2025
"Nexus Data Centers, LLC",Abdellah Kettani,SFF 6818 8.20,10/1/2025,10/1/2025,Oct 2025,Bill,Corporate : Corporate,130.00 ,130.00 ,Paid In Full,DM Transportation - Ivan Car Service,9/30/2025
"Nexus Data Centers, LLC",Kirkland & Ellis LLP,1020035174,10/7/2025,10/7/2025,Oct 2025,Bill,Corporate : Legal,"495,647.42 ","495,647.42 ",Paid In Full,DM Legal Expenses for September 2025 - September 2025,10/15/2025
"Nexus Land Holdings, LLC",City of Hubbard,DM01,10/7/2025,10/7/2025,Oct 2025,Bill,Corporate : Corporate,"1,500.00 ","1,500.00 ",Paid In Full,DM Civic Center Rental for onsite hosting,10/7/2025
"Nexus Data Centers, LLC",Isadora Design LLC,IA-NEXUS46303,10/8/2025,10/8/2025,Oct 2025,Bill,Corporate : Marketing / Branding,"50,000.00 ","50,000.00 ",Paid In Full,DM Branding and Marketing Retainer - Retainer,10/15/2025
"Nexus Data Centers, LLC","Ultera, llc",1051,10/14/2025,10/29/2025,Oct 2025,Bill,Corporate : Workforce,"50,000.00 ","50,000.00 ",Paid In Full,DM Recruiting Fees - Finance,10/17/2025
"Nexus Apex Holdings, LLC",Michels Construction inc,21255113,10/15/2025,10/15/2025,Oct 2025,Bill,Development : Fiber : Fiber Procore,"25,860.00 ","25,860.00 ",Paid In Full,"DM Fiber Carrier Engagement & OSP Fiber Network Design to Project Apex""",10/30/2025
"Nexus Data Centers, LLC",Simplify Compliance LLC (datacenterHawk),80939-B3,10/15/2025,12/9/2025,Oct 2025,Bill,Corporate : IT : Services / License,"6,662.50 ","6,662.50 ",Paid In Full,DM North American Access - Installment #3 - 4/25-4/26,12/12/2025
"Nexus Hubbard Power, LLC","Exp U.S. Services, Inc.",158178,10/16/2025,10/16/2025,Oct 2025,Bill,Development : Engineering : Engineering Procore,"5,975.00 ","5,975.00 ",Paid In Full,DM RUS-25013168-A0 Nexus Prelim Power Design - September 2025,10/30/2025
"Nexus Hubbard Power, LLC","Exp U.S. Services, Inc.",158216,10/16/2025,10/16/2025,Oct 2025,Bill,Development : Engineering : Engineering Procore,"45,400.00 ","45,400.00 ",Paid In Full,DM RUS-25010731-A0 Early Works - September 2025,10/30/2025
"Nexus Land Holdings, LLC",Blackland Surveying LLC,25-07-0444(2),10/16/2025,11/15/2025,Oct 2025,Bill,Infrastructure : Acquisition costs - Infra,"3,464.00 ","3,464.00 ",Paid In Full,DM For easements added to the project for 800 SH 171,10/22/2025
"Nexus Hubbard Power, LLC","Industrial Project Innovation, LLC",Nexus-002,10/20/2025,11/19/2025,Oct 2025,Bill,Development : Project Management : Project Management Procore,"51,220.00 ","51,220.00 ",Paid In Full,"DM Schedule management services for the Nexus Program Team. Reference services agreement
signed on 7/16/2025 between IPI and Nexus Data Centers. - September 2025",11/10/2025
"Nexus Apex Holdings, LLC",SLR international corporation,10019663,10/21/2025,10/21/2025,Oct 2025,Bill,Development : Regulatory : Regulatory Procore,"42,900.00 ","42,900.00 ",Paid In Full,"DM Nexus PSD air permiting, dispersion modeling - August 30, 2025 to October 03, 2025",11/24/2025
"Nexus Data Centers, LLC",Abdellah Kettani,Inv KTS  7/25/2025,10/22/2025,10/22/2025,Oct 2025,Bill,Corporate : Corporate,110.00 ,110.00 ,Paid In Full,DM Transportation - Ivan Car Service,11/28/2025
"Nexus Data Centers, LLC",Abdellah Kettani,Inv KTS 8/1/2025,10/23/2025,10/23/2025,Oct 2025,Bill,Corporate : Corporate,130.00 ,130.00 ,Paid In Full,DM Transportation - Ivan Car Service,11/28/2025
"Nexus Land Holdings, LLC",ROCKIN' B SURVEY,2025-425,10/24/2025,10/24/2025,Oct 2025,Bill,Infrastructure : Acquisition costs - Infra,"1,807.78 ","1,807.78 ",Paid In Full,"DM HUB-34-King - BOUNDARY SURVEY OF 2.938 ACRE
TRACT, HILL COUNTY, TEXAS",10/28/2025
"Nexus Data Centers, LLC","Ultera, llc",1053,10/27/2025,11/11/2025,Oct 2025,Bill,Corporate : Workforce,"30,000.00 ","30,000.00 ",Paid In Full,DM Recruiting Fees - Finance,11/3/2025
"Nexus Data Centers, LLC",Abdellah Kettani,Inv KTS 10/27/25,10/27/2025,10/27/2025,Oct 2025,Bill,Corporate : Corporate,130.00 ,130.00 ,Paid In Full,DM Transportation - Ivan Car Service,11/28/2025
"Nexus Hubbard Power, LLC","Exp U.S. Services, Inc.",158426,10/28/2025,10/28/2025,Oct 2025,Bill,Development : Engineering : Engineering Procore,"7,996.04 ","7,996.04 ",Paid In Full,DM RUS-25013168-A0 Nexus Prelim Power Design - October 2025,10/30/2025
"Nexus Data Centers, LLC",Abdellah Kettani,Inv KTS 10/29/25,10/29/2025,10/29/2025,Oct 2025,Bill,Corporate : Corporate,130.00 ,130.00 ,Paid In Full,DM Transportation - Ivan Car Service,11/28/2025
"Nexus Hubbard Power, LLC","Exp U.S. Services, Inc.",158461,10/30/2025,10/30/2025,Oct 2025,Bill,Development : Engineering : Engineering Procore,"1,655.50 ","1,655.50 ",Paid In Full,"DM Oct 11 to Oct 24, 2025 - high voltage conceptual design professional services (RAL-25014377-A0) - October 2025",11/28/2025
"Nexus Apex Holdings, LLC","EXP Energy Services, Inc.",9202517,10/30/2025,10/30/2025,Oct 2025,Bill,Development : Regulatory : Regulatory Procore,"18,935.38 ","18,935.38 ",Paid In Full,DM Environmental Consulting - HOU-25007091-00 - September 2025,10/30/2025
"Nexus Land Holdings, LLC","Trapp Law Firm, PC",1048,10/31/2025,11/30/2025,Oct 2025,Bill,Infrastructure : Legal - Infra,"17,520.00 ","17,520.00 ",Paid In Full,DM Real Estate Legal Support - confirmed land - KH - October 2025; reduced by overpayment in August,12/1/2025
"Nexus Apex Holdings, LLC",CI Mission Critical LLC,500.60.25214.000-1,10/31/2025,11/15/2025,Oct 2025,Bill,Development : Engineering : Engineering Gen,"10,000.00 ","10,000.00 ",Paid In Full,DM Architectual Services - Concept and Programming for Support Buildings - October 2025,12/1/2025
"Nexus Apex Holdings, LLC",Terradyne Engineering,D251227-002,10/31/2025,10/31/2025,Oct 2025,Bill,Development : Engineering : Engineering Gen,"350,000.00 ","350,000.00 ",Paid In Full,DM Geotech Report - Phase 1 - October 2025,11/3/2025
"Nexus Apex Holdings, LLC","Jones Lang LaSalle Americas, Inc.",DM02,10/31/2025,11/17/2025,Oct 2025,Bill,Corporate : Finance,"500,000.00 ","500,000.00 ",Paid In Full,DM Consulting fee - October 2025,12/5/2025
"Nexus Data Centers, LLC","Braintek, LLC",44913,11/1/2025,11/16/2025,Nov 2025,Bill,Corporate : IT : Services / License,"3,055.30 ","3,055.30 ",Paid In Full,DM Monthly Maintenance - November - November 2025,11/28/2025
"Nexus Data Centers, LLC","AMP DATA CENTER GROUP, LLC",50005,11/1/2025,11/15/2025,Nov 2025,Bill,Corporate : Business development,"20,000.00 ","20,000.00 ",Paid In Full,DM Sales/Leasing Advisory - November 2025,11/6/2025
"Nexus Data Centers, LLC",Regus Corporation,7970-799,11/1/2025,11/15/2025,Nov 2025,Bill,Corporate : HQ / Office,"15,646.02 ","15,646.02 ",Paid In Full,"DM Dec office rent; October services (IT, kitchen, access)",11/19/2025
"Nexus Land Holdings, LLC",ROCKIN' B SURVEY,2025-426,11/3/2025,11/3/2025,Nov 2025,Bill,Infrastructure : Acquisition costs - Infra,"3,274.56 ","3,274.56 ",Paid In Full,"DM Boundary survey & doc fee - 30.064 ACRE TRACT, HILL COUNTY,
TEXAS - HUB 20",11/6/2025
"Nexus Land Holdings, LLC",ONPOINT Transactions LLC,3436,11/3/2025,11/3/2025,Nov 2025,Bill,Infrastructure : Acquisition costs - Infra,"13,000.00 ","13,000.00 ",Paid In Full,DM Real estate support - October 2025,11/4/2025
"Nexus Data Centers, LLC",Datasite LLC,INV-851188,11/5/2025,12/5/2025,Nov 2025,Bill,Corporate : Finance,967.08 ,967.08 ,Paid In Full,DM Pages processed - October 2025,12/5/2025
"Nexus Data Centers, LLC",Kirkland & Ellis LLP,1020035663,11/6/2025,11/6/2025,Nov 2025,Bill,Corporate : Legal,"552,498.09 ","552,498.09 ",Paid In Full,"DM For transactional services rendered and expenses incurred through October 31, 2025 - October 2025",12/5/2025
"Nexus Data Centers, LLC",Isadora Design LLC,"IA-NEXUS
45963",11/6/2025,11/21/2025,Nov 2025,Bill,Corporate : Marketing / Branding,"15,000.00 ","15,000.00 ",Paid In Full,DM 2nd installment payment per signed SOW - Installment payment 2,11/28/2025
"Nexus Data Centers, LLC",Abdellah Kettani,Inv KTS 11/7/25,11/7/2025,11/7/2025,Nov 2025,Bill,Corporate : Corporate,130.00 ,130.00 ,Paid In Full,DM Transportation - Ivan Car Service,11/28/2025
"Nexus Data Centers, LLC",Abdellah Kettani,Inv KTS 11/9/25,11/9/2025,11/9/2025,Nov 2025,Bill,Corporate : Corporate,130.00 ,130.00 ,Paid In Full,DM Transportation - Ivan Car Service,11/28/2025
"Nexus Hubbard Power, LLC","Industrial Project Innovation, LLC",Nexus-003,11/10/2025,12/10/2025,Nov 2025,Bill,Development : Project Management : Project Management Procore,"29,843.55 ","29,843.55 ",Paid In Full,"DM Schedule management services for the Nexus Program Team. Reference services agreement
signed on 7/16/2025 between IPI and Nexus Data Centers. - October 2025",12/9/2025
"Nexus Hubbard Power, LLC","Exp U.S. Services, Inc.",159070,11/11/2025,11/11/2025,Nov 2025,Bill,Development : Engineering : Engineering Procore,"17,479.10 ","17,479.10 ",Paid In Full,"DM Preliminary Power Design, Electrical Master Plan for November - Thru 11/7/2025",11/28/2025
"Nexus Data Centers, LLC",Marsh USA LLC,801028958059,11/11/2025,12/10/2025,Nov 2025,Bill,Operations : Insurance,"343,165.47 ","343,165.47 ",Paid In Full,DM Annual Insurance Premium - Enviro/Pollution (PLL & CPL) - 11/9 effective date / prepaid annual policy,12/5/2025
"Nexus Land Holdings, LLC",Blackland Surveying LLC,25-09-0580,11/12/2025,12/12/2025,Nov 2025,Bill,Infrastructure : Acquisition costs - Infra,"5,629.00 ","5,629.00 ",Paid In Full,DM HUB-14-REG (Fuller) survey,12/17/2025
"Nexus Hubbard Power, LLC",BaseLoad Power Generaion Parts and Service Inc ( GESA),INV285,11/12/2025,11/12/2025,Nov 2025,Bill,Development : Asset Procurement : Asset Procurement Gen,"10,220,000.00 ","10,220,000.00 ",Paid In Full,DM Power Gen Equipment - 8 LM6000s - Prepaid equipment asset,11/13/2025
"Nexus Hubbard Power, LLC","Exp U.S. Services, Inc.",159193,11/13/2025,11/13/2025,Nov 2025,Bill,Development : Engineering : Engineering Procore,"6,407.50 ","6,407.50 ",Paid In Full,DM Nexus High Voltage Conceptual Design - 10/27/25 - 11/7/2025,11/28/2025
"Nexus Hubbard Power, LLC",Primoris Energy Service Corporation,50259-01,11/13/2025,12/13/2025,Nov 2025,Bill,Development : Construction : Construction Procore,"50,000.00 ","50,000.00 ",Paid In Full,DM LNTP initial payment,11/17/2025
"Nexus Hubbard Power, LLC","Exp U.S. Services, Inc.",159293,11/14/2025,11/14/2025,Nov 2025,Bill,Development : Engineering : Engineering Procore,"4,218.00 ","4,218.00 ",Paid In Full,DM Design and permitting for October 2025 - October 2025,11/28/2025
"Nexus Apex Holdings, LLC",SLR international corporation,10020702,11/17/2025,11/17/2025,Nov 2025,Bill,Development : Regulatory : Regulatory Procore,"32,015.00 ","32,015.00 ",Paid In Full,"DM Feasibility & Design Analysis, Dispersion Modeling - October 2025",11/28/2025
"Nexus Apex Holdings, LLC",Michels Construction inc,21255115,11/17/2025,11/17/2025,Nov 2025,Bill,Development : Fiber : Fiber Procore,"59,490.00 ","59,490.00 ",Paid In Full,"DM Fiber Carrier Engagement & OSP Fiber
Network Design to Project Apex - Thru 11/9/2025",12/9/2025
"Nexus Land Holdings, LLC",Blackland Surveying LLC,25-09-0543(2),11/18/2025,12/18/2025,Nov 2025,Bill,Infrastructure : Acquisition costs - Infra,"1,500.00 ","1,500.00 ",Paid In Full,DM 1058 St Hwy 171 Benchmark Control - November 2025,12/17/2025
"Nexus Apex Holdings, LLC","EXP Energy Services, Inc.",10202512,11/19/2025,11/19/2025,Nov 2025,Bill,Development : Regulatory : Regulatory Procore,"61,594.38 ","61,594.38 ",Paid In Full,"DM Envi, Equator principles, water sample - October 2025",12/11/2025
"Nexus Land Holdings, LLC",ROCKIN' B SURVEY,2025-475,11/19/2025,11/19/2025,Nov 2025,Bill,Infrastructure : Acquisition costs - Infra,"1,537.15 ","1,537.15 ",Paid In Full,DM HUB-28-LOG survey invoice,11/28/2025
"Nexus Apex Holdings, LLC",Terradyne Engineering,D251227-003,11/19/2025,11/25/2025,Nov 2025,Bill,Development : Engineering : Engineering Gen,"500,000.00 ","500,000.00 ",Paid In Full,DM Next lump sum payment upon completion of site work,12/5/2025
"Nexus Land Holdings, LLC",ROCKIN' B SURVEY,2025-476,11/20/2025,11/20/2025,Nov 2025,Bill,Infrastructure : Acquisition costs - Infra,"1,212.40 ","1,212.40 ",Paid In Full,DM HUB-23-LOG survey invoice,11/28/2025
"Nexus Hubbard Power, LLC","Exp U.S. Services, Inc.",159460,11/25/2025,11/25/2025,Nov 2025,Bill,Development : Engineering : Engineering Procore,"10,772.62 ","10,772.62 ",Paid In Full,DM Prelim power design & site electrical master plan - Thru 11/21/2025,12/11/2025
"Nexus Hubbard Power, LLC",Everllence USA INC,6803416,11/26/2025,12/11/2025,Nov 2025,Bill,Development : Asset Procurement : Asset Procurement Procore,"8,888,253.75 ","8,888,253.75 ",Paid In Full,"""DM 5% (five percent) of the Scope of Supply Price and Site Activities Price shall be payable by telegraphic bank transfer upon receipt of an applicable invoice which shall be submitted such that payment shall become due 2 (two) months after Effective Date""",12/5/2025
"Nexus Land Holdings, LLC","Trapp Law Firm, PC",1077,11/30/2025,12/30/2025,Nov 2025,Bill,Infrastructure : Legal - Infra,"16,672.50 ","16,672.50 ",Paid In Full,DM November legal services - confirmed land - KH - November 2025,12/31/2025
"Nexus Apex Holdings, LLC",CI Mission Critical LLC,500.60.25214.000-2,11/30/2025,12/15/2025,Nov 2025,Bill,Development : Engineering : Engineering Gen,"27,000.00 ","27,000.00 ",Paid In Full,DM Support buildings - BD and architecture  - Through 11/30/2025,12/22/2025
"Nexus Hubbard Power, LLC","Exp U.S. Services, Inc.",159656,12/1/2025,12/2/2025,Dec 2025,Bill,Development : Engineering : Engineering Procore,"2,420.00 ","2,420.00 ",Paid In Full,DM Nexus High Voltage Conceptual Design - November 2025,12/11/2025
"Nexus Data Centers, LLC","BMP Partners, Inc",3000410,12/1/2025,12/31/2025,Dec 2025,Bill,Corporate : Marketing / Branding,"1,326.57 ","1,326.57 ",Paid In Full,DM Office branded supplies,1/6/2026
"Nexus Data Centers, LLC",Arcus Advisors LLC,3120,12/1/2025,12/10/2025,Dec 2025,Bill,Corporate : Accounting,"1,380.00 ","1,380.00 ",Paid In Full,DM Advisory services for ERP - November 2025,12/22/2025
"Nexus Land Holdings, LLC",ONPOINT Transactions LLC,3487,12/1/2025,12/1/2025,Dec 2025,Bill,Infrastructure : Acquisition costs - Infra,"12,500.00 ","12,500.00 ",Paid In Full,"DM November 2025 services for open, closing, and mgmt - November 2025",12/8/2025
"Nexus Data Centers, LLC","Braintek, LLC",45007,12/1/2025,12/16/2025,Dec 2025,Bill,Corporate : IT : Services / License,"2,910.43 ","2,910.43 ",Paid In Full,DM December SaaS and managed services - December 2025,12/22/2025
"Nexus Data Centers, LLC","AMP DATA CENTER GROUP, LLC",50006,12/1/2025,12/15/2025,Dec 2025,Bill,Corporate : Business development,"20,000.00 ","20,000.00 ",Paid In Full,DM December Advisory Fee - December 2025,12/15/2025
"Nexus Data Centers, LLC",Regus Corporation,7970-900,12/1/2025,12/15/2025,Dec 2025,Bill,Corporate : HQ / Office,"14,890.17 ","14,890.17 ",Paid In Full,"DM Jan office rent, November = IT, Meeting rooms, Copy/print, kitchen, security cards",12/18/2025
"Nexus Data Centers, LLC","Ultera, llc",1251,12/3/2025,12/18/2025,Dec 2025,Bill,Corporate : Workforce,"55,000.00 ","55,000.00 ",Paid In Full,DM Recruiting Fees - Finance - Commission,12/22/2025
"Nexus Apex Holdings, LLC",PRAIRIELANDS GROUNDWATER CONSERVATION DISTRICT,2025-0934,12/3/2025,1/10/2026,Dec 2025,Bill,Development : Utilities : Utilities Gen,"9,037.96 ","9,037.96 ",Paid In Full,DM Q4 2025 & Q1 2026 usage fees - Q4 2025 & Q1 2026,1/9/2026
"Nexus Apex Holdings, LLC",SLR international corporation,10021377,12/4/2025,12/4/2025,Dec 2025,Bill,Development : Regulatory : Regulatory Procore,"23,721.25 ","23,721.25 ",Paid In Full,"DM Feasibility & Design Analysis, Dispersion Modeling - Air permitting - November 2025",12/5/2025
"Nexus Hubbard Power, LLC",Everllence USA INC,6803438,12/5/2025,12/20/2025,Dec 2025,Bill,Development : Asset Procurement : Asset Procurement Procore,"29,949,511.60 ","29,949,511.60 ",Paid In Full,DM Downpayment on MAN 11 order,12/8/2025
"Nexus Data Centers, LLC",Datasite LLC,INV-870324,12/5/2025,1/4/2026,Dec 2025,Bill,Corporate : Finance,"3,249.70 ","3,249.70 ",Paid In Full,DM Pages processed in VDR - November 2025,1/2/2026
"Nexus Hubbard Power, LLC",WTG Gas Transmission,LNTP Notice,12/5/2025,12/15/2025,Dec 2025,Bill,Operations : Gas : Gas Gen,"10,528,785.00 ","10,528,785.00 ",Paid In Full,DM LNTP notice payment,12/8/2025
"Nexus Hubbard Power, LLC","Exp U.S. Services, Inc.",160065,12/9/2025,12/9/2025,Dec 2025,Bill,Development : Engineering : Engineering Procore,"13,691.95 ","13,691.95 ",Paid In Full,DM Services through 12/5 - Prelim power design - Thru 12/5/25,12/15/2025
"Nexus Data Centers, LLC",Kirkland & Ellis LLP,1020036194,12/10/2025,12/10/2025,Dec 2025,Bill,Corporate : Legal,"957,150.76 ","957,150.76 ",Paid In Full,DM November legal services  - November 2025,12/15/2025
"Nexus Hubbard Power, LLC","Exp U.S. Services, Inc.",160208,12/11/2025,12/11/2025,Dec 2025,Bill,Development : Engineering : Engineering Procore,"4,332.00 ","4,332.00 ",Paid In Full,DM Early site work - permitting  - Through 11/30/2025,12/15/2025
"Nexus Data Centers, LLC","BMP Partners, Inc",300562,12/11/2025,1/11/2026,Dec 2025,Bill,Corporate : Marketing / Branding,135.24 ,135.24 ,Paid In Full,DM Hoodie embroidery for the team,1/9/2026
"Nexus Land Holdings, LLC",ROCKIN' B SURVEY,2025-535,12/15/2025,12/16/2025,Dec 2025,Bill,Infrastructure : Acquisition costs - Infra,"1,753.65 ","1,753.65 ",Paid In Full,DM Survey for HUB-35,12/17/2025
"Nexus Land Holdings, LLC",ROCKIN' B SURVEY,2025-540,12/15/2025,12/16/2025,Dec 2025,Bill,Infrastructure : Acquisition costs - Infra,617.03 ,617.03 ,Paid In Full,DM Survey for HUB-23,12/16/2025
"Nexus Hubbard Power, LLC",Primoris Energy Service Corporation,50259-02,12/15/2025,1/14/2026,Dec 2025,Bill,Development : Construction : Construction Procore,"189,941.98 ","189,941.98 ",Paid In Full,"DM LNTP 400K capped T&M - per diem, contract equipment invoices from third parties, and subcontractor invoices) - November 2025",1/12/2026
"Nexus Apex Holdings, LLC",Terradyne Engineering,D251227-004,12/15/2025,1/15/2026,Dec 2025,Bill,Development : Engineering : Engineering Gen,"447,717.00 ","447,717.00 ",Paid In Full,DM Final Geotech report payment,1/9/2026
"Nexus Data Centers, LLC","PA Consulting Group, Inc.",10407,12/17/2025,1/17/2026,Dec 2025,Bill,Corporate : Finance,"110,000.00 ","110,000.00 ",Paid In Full,DM ERCOT BTM Generation Support - 50% of fixed fee,2/18/2026
"Nexus Land Holdings, LLC",Champion Energy Services,253500026223421,12/17/2025,1/2/2026,Dec 2025,Bill,Infrastructure : Utilities - Infra,317.01 ,317.01 ,Paid In Full,DM Electric for 845 HCR 3369 - 11/17/25 - 12/13/2025,1/2/2026
"Nexus Data Centers, LLC",Arcus Advisors LLC,3136,12/17/2025,12/17/2025,Dec 2025,Bill,Corporate : Accounting,"8,800.00 ","8,800.00 ",Paid In Full,DM ERP & Accounting Advisory Services  - 11/30 - 12/13,1/2/2026
"Nexus Hubbard Power, LLC","Exp U.S. Services, Inc.",160381,12/18/2025,12/18/2025,Dec 2025,Bill,Development : Engineering : Engineering Procore,"5,865.00 ","5,865.00 ",Paid In Full,DM Electrical HV design work for PowerCo - 11/22/2025 - 12/5/2025,12/22/2025
"Nexus Land Holdings, LLC",American Craftsmen,N/A - contract stipulated,12/18/2025,12/18/2025,Dec 2025,Bill,Infrastructure : Residential Improvements - Infra,"61,855.06 ","61,855.06 ",Paid In Full,DM2 invoices 12/18 and 12/22 25% upfront payment for rehab work at HUB-01 - Rehab to building on HUB-01 over 3 months,12/22/2025
"Nexus Apex Holdings, LLC",SLR international corporation,10021978,12/19/2025,12/19/2025,Dec 2025,Bill,Development : Regulatory : Regulatory Procore,"3,725.00 ","3,725.00 ",Paid In Full,DM Professional Monthly Nov 2025 to Dec -2025 - 11/15/2025-12/12/2025,2/3/2026
"Nexus Data Centers, LLC",PwC US Tax LLP,208A085359,12/19/2025,1/18/2026,Dec 2025,Bill,Corporate : Accounting,"67,506.00 ","67,506.00 ",Paid In Full,DM Consulting services - REVISED invoice  - Aug - October 2025,1/20/2026
"Nexus Data Centers, LLC",Abdellah Kettani,Inv KTS  12/19/25 -1,12/19/2025,12/19/2025,Dec 2025,Bill,Corporate : Corporate,130.00 ,130.00 ,Paid In Full,DM Transportation - Ivan Car Service,1/6/2026
"Nexus Data Centers, LLC",Abdellah Kettani,Inv KTS  12/19/25 -2,12/19/2025,12/19/2025,Dec 2025,Bill,Corporate : Corporate,130.00 ,130.00 ,Paid In Full,DM Transportation - Ivan Car Service,1/6/2026
"Nexus Data Centers, LLC",Abdellah Kettani,Inv KTS  12/19/25 -3,12/19/2025,12/19/2025,Dec 2025,Bill,Corporate : Corporate,130.00 ,130.00 ,Paid In Full,DM Transportation - Ivan Car Service,1/6/2026
"Nexus Data Centers, LLC",Abdellah Kettani,Inv KTS  12/19/25 -4,12/19/2025,12/19/2025,Dec 2025,Bill,Corporate : Corporate,130.00 ,130.00 ,Paid In Full,DM Transportation - Ivan Car Service,1/6/2026
"Nexus Apex Holdings, LLC",Michels Construction inc,21255116,12/22/2025,12/22/2025,Dec 2025,Bill,Development : Fiber : Fiber Procore,"105,183.75 ","105,183.75 ",Paid In Full,DM Fiber Carrier Engagement & OSP Fiber Network  Design to Project Apex-TX - Period to 12/14/25,1/5/2026
"Nexus Apex Holdings, LLC","EXP Energy Services, Inc.",11202519,12/23/2025,12/23/2025,Dec 2025,Bill,Development : Regulatory : Regulatory Procore,"26,956.71 ","26,956.71 ",Paid In Full,"DM Phase 1 & 2 ESA, wetland delineation survey, equator principle items - 11/1 - 11/28",1/9/2026
"Nexus Hubbard Power, LLC","Industrial Project Innovation, LLC",Nexus-004,12/23/2025,1/22/2026,Dec 2025,Bill,Development : Project Management : Project Management Procore,"83,299.78 ","83,299.78 ",Paid In Full,"DM Schedule management services for the Nexus Program Team - PowerCo. Reference services agreement signed on 7/16/2025 between IPI and Nexus Data Centers; labor, software recovery, reimburseable expenses - November 2025",1/22/2026
"Nexus Data Centers, LLC",Newmark Partners LP,478454-R,12/24/2025,12/24/2025,Dec 2025,Bill,Corporate : Finance,"30,000.00 ","30,000.00 ",Paid In Full,DM Valuation services retainer  - Val to be completed in Jan 2026,12/29/2025
"Nexus Hubbard Power, LLC","Exp U.S. Services, Inc.",160455,12/29/2025,12/29/2025,Dec 2025,Bill,Development : Engineering : Engineering Procore,"23,046.35 ","23,046.35 ",Paid In Full,DM PowerCo Electrical Design - Thru 12/19/25,1/9/2026
"Nexus Data Centers, LLC",Arcus Advisors LLC,3156,12/29/2025,12/29/2025,Dec 2025,Bill,Corporate : Accounting,"15,835.00 ","15,835.00 ",Paid In Full,DM December accounting advsiory & ERP support - December 2025,1/9/2026
"Nexus Land Holdings, LLC",ONPOINT Transactions LLC,3538,12/29/2025,12/29/2025,Dec 2025,Bill,Infrastructure : Acquisition costs - Infra,"14,500.00 ","14,500.00 ",Paid In Full,DM Decemeber 2025 - land portfolio maintenance and commision payments  - Decemeber 2025,12/31/2025
"Nexus Hubbard Power, LLC","Exp U.S. Services, Inc.",160544,12/30/2025,12/30/2025,Dec 2025,Bill,Development : Engineering : Engineering Procore,"7,824.50 ","7,824.50 ",Paid In Full,DM PowerCo Electrical Design - 12/6/25 to 12/19/25,1/9/2026
"Nexus Apex Holdings, LLC",Tellepsen Builders LP,49062,12/30/2025,1/15/2026,Dec 2025,Bill,Development : Construction : Construction Procore,"20,000.00 ","20,000.00 ",Paid In Full,DM LNTP initial payment of $20K in 10 bus days,1/7/2026
"Nexus Land Holdings, LLC","Trapp Law Firm, PC",1098,12/31/2025,1/30/2026,Dec 2025,Bill,Infrastructure : Legal - Infra,"15,255.00 ","15,255.00 ",Paid In Full,DM December legal services  - December 2025,2/3/2026
"Nexus Data Centers, LLC","Netgain Solutions, Inc.",INV11931,12/31/2025,1/30/2026,Jan 2026,Bill,Corporate : IT : Services / License,"4,290.66 ","4,290.66 ",Paid In Full,DM Net asset for NetSuite - license and implementation - 2026 for license; implementation one time,2/4/2026
"Nexus Data Centers, LLC","Braintek, LLC",45101,1/1/2026,1/16/2026,Jan 2026,Bill,Corporate : IT : Services / License,"3,026.79 ","3,026.79 ",Paid In Full,DM December SaaS and January managed services & SaaS - December 2025 & January 2026,1/12/2026
"Nexus Data Centers, LLC",Regus Corporation,7970-982,1/1/2026,1/15/2026,Jan 2026,Bill,Corporate : HQ / Office,"14,778.36 ","14,778.36 ",Paid In Full,"DM Feb office space, IT services for December, December meeting room, and Ketich amenities for December",1/16/2026
"Nexus Data Centers, LLC",Hollee Mize,Dec-25,1/2/2026,1/17/2026,Jan 2026,Bill,Corporate : Workforce,"5,312.50 ","5,312.50 ",Paid In Full,"DM Consulting services - staffing, benefits, salaries, etc. - 12/10/25 - 12/31/25",1/20/2026
"Nexus Apex Holdings, LLC","Terracon Consultants, Inc.",TQ09359,1/2/2026,2/1/2026,Jan 2026,Bill,Development : Project Management : Project Management Procore,"10,500.00 ","10,500.00 ",Paid In Full,DM Geotech engineering recommendations and consultancy services  - 12/7/25-12/27/2025,2/4/2026
"Nexus Land Holdings, LLC",Frontier Waste Solutions,8207155,1/5/2026,1/5/2026,Jan 2026,Bill,Infrastructure : Utilities - Infra,168.13 ,168.13 ,Paid In Full,DM Trash service / collection at HUB 14 - 2/1/26 - 2/28/26,2/12/2026
Nexus Data Centers Hubbard LLC,CorePhase Enterprises LLC,2025-NEX-001-001 (Rev. 01),1/6/2026,1/21/2026,Jan 2026,Bill,Development : Project Management : Project Management Procore,"206,916.40 ","206,916.40 ",Paid In Full,DM 11/17 - 12/26 expenses under SOW # 2025-NEX-001 - 11/16 - 12/26,1/21/2026
"Nexus Data Centers, LLC",Datasite LLC,INV-879369,1/6/2026,2/5/2026,Jan 2026,Bill,Corporate : Finance,"3,004.84 ","3,004.84 ",Paid In Full,DM December pages processed - Apex Equity - December 2025,2/4/2026
"Nexus Data Centers, LLC",Datasite LLC,INV-881661,1/6/2026,2/5/2026,Jan 2026,Bill,Corporate : Finance,"7,465.05 ","7,465.05 ",Paid In Full,DM December pages processed - Apex - December 2025,2/4/2026
"Nexus Data Centers, LLC",Kirkland & Ellis LLP,1020036536,1/7/2026,1/7/2026,Jan 2026,Bill,Corporate : Legal,"1,612,705.49 ","1,612,705.49 ",Paid In Full,"DM Transactional services and expenses through December 31, 2025 and prior months deferred fees and at risk premium (557k december, 702k deferred amount, 351k at risk) - December 2025",2/6/2026
Nexus Data Centers Hubbard LLC,Industrial Electrical Supply,24569,1/7/2026,2/6/2026,Jan 2026,Bill,Development : Asset Procurement : Asset Procurement Procore,"4,194,549.00 ","4,194,549.00 ",Paid In Full,DM 30% progress payment upon PO execution for IES / EATON (UPS units) - 30% progress payment,1/7/2026
"Nexus Apex Holdings, LLC","BGE, Inc.",37344,1/7/2026,1/7/2026,Jan 2026,Bill,Development : Regulatory : Regulatory Gen,"1,000.00 ","1,000.00 ",Paid In Full,DM Traffic Data Collection - Study  - Services through 12/26,1/9/2026
"Nexus Data Centers, LLC",Newmark Partners LP,478454-001,1/7/2026,2/7/2026,Jan 2026,Bill,Corporate : Finance,"30,000.00 ","30,000.00 ",Paid In Full,DM Remaining valuation services  - Val to be completed in Jan 2026,2/5/2026
"Nexus Hubbard Power, LLC",Primoris Energy Service Corporation,50259-03,1/7/2026,2/6/2026,Jan 2026,Bill,Development : Construction : Construction Procore,"190,296.75 ","190,296.75 ",Paid In Full,DM Hubbard Power Clearing and Grubbing - 12/1/25 - 12/7/25,2/5/2026
"Nexus Hubbard Power, LLC",Primoris Energy Service Corporation,50259001-1,1/7/2026,2/6/2026,Jan 2026,Bill,Development : Construction : Construction Procore,"710,705.75 ","710,705.75 ",Paid In Full,"DM Labor, materials, equipment for Nexus Hubbard Power LS - Period ending 12/28/25",2/5/2026
"Nexus Data Centers, LLC",Simplify Compliance LLC (datacenterHawk),80939-B4,1/7/2026,3/9/2026,Jan 2026,Bill,Corporate : IT : Services / License,"6,662.50 ","6,662.50 ",Paid In Full,DM Subscription access - 4/25 to 4/26 - 4th installment,3/11/2026
"Nexus Hubbard Power, LLC","Exp U.S. Services, Inc.",160797,1/8/2026,1/8/2026,Jan 2026,Bill,Development : Engineering : Engineering Procore,"14,787.29 ","14,787.29 ",Paid In Full,DM Electrical HV design for PowerCo - Services through 1/3/26,1/20/2026
"Nexus Data Centers, LLC",Abdellah Kettani,Inv KTS 1/8/26,1/8/2026,1/8/2026,Jan 2026,Bill,Corporate : Corporate,130.00 ,130.00 ,Paid In Full,DM Transportation - Ivan Car Service,2/3/2026
"Nexus Data Centers, LLC",Abdellah Kettani,Inv KTS 1/9/26,1/9/2026,1/9/2026,Jan 2026,Bill,Corporate : Corporate,130.00 ,130.00 ,Paid In Full,DM Transportation - Ivan Car Service,2/3/2026
"Nexus Hubbard Power, LLC","Exp U.S. Services, Inc.",160895,1/12/2026,1/12/2026,Jan 2026,Bill,Development : Engineering : Engineering Procore,"4,042.50 ","4,042.50 ",Paid In Full,DM Electrical HV design work for PowerCo - 12/20 to 1/2,1/20/2026
"Nexus Hubbard Power, LLC",Everllence USA INC,6803484,1/12/2026,1/27/2026,Jan 2026,Bill,Development : Asset Procurement : Asset Procurement Procore,"17,776,507.50 ","17,776,507.50 ",Paid In Full,DM 3rd milestone 10% billing,1/26/2026
"Nexus Apex Holdings, LLC",Frontier Waste Solutions,DM - 01122026,1/12/2026,1/12/2026,Jan 2026,Bill,Infrastructure : Utilities - Infra,168.13 ,168.13 ,Paid In Full,DM - missing inv #,1/12/2026
"Nexus Data Centers, LLC",Arcus Advisors LLC,3178 (revised),1/13/2026,1/13/2026,Jan 2026,Bill,Corporate : Accounting,"6,665.00 ","6,665.00 ",Paid In Full,DM Accounting advisory / systems - 12/28 to 1/10,3/24/2026
"Nexus Data Centers, LLC",PwC US Tax LLP,208A095365,1/14/2026,2/13/2026,Jan 2026,Bill,Corporate : Accounting,"6,575.00 ","6,575.00 ",Paid In Full,DM December tax consulting services  - December 2025,2/13/2026
"Nexus Land Holdings, LLC",Champion Energy Services,260140026385162,1/14/2026,2/2/2026,Jan 2026,Bill,Infrastructure : Utilities - Infra,5.38 ,5.38 ,Paid In Full,DM 12/1 - 12/18 utility Late fee,2/12/2026
"Nexus Land Holdings, LLC",Champion Energy Services,260140026392870,1/14/2026,2/2/2026,Jan 2026,Bill,Infrastructure : Utilities - Infra,386.97 ,386.97 ,Paid In Full,DM 12/13 to 1/13 utility,2/12/2026
"Nexus Land Holdings, LLC",American Craftsmen,Inv11526,1/15/2026,1/15/2026,Jan 2026,Bill,Infrastructure : Residential Improvements - Infra,"30,927.53 ","30,927.53 ",Paid In Full,DM  American Craftsman invoice per agreement,1/20/2026
"Nexus Data Centers, LLC",Abdellah Kettani,Inv KTS 1/16/26,1/16/2026,1/16/2026,Jan 2026,Bill,Corporate : Corporate,130.00 ,130.00 ,Paid In Full,DM Transportation - Ivan Car Service,2/3/2026
Nexus Data Centers Hubbard LLC,Industrial Electrical Supply,24760,1/17/2026,2/16/2026,Jan 2026,Bill,Development : Asset Procurement : Asset Procurement Procore,"11,720,400.00 ","11,720,400.00 ",Paid In Full,DM 30% progress payment upon PO execution for busplugs and busway,1/20/2026
"Nexus Apex Holdings, LLC",SLR international corporation,10022680,1/19/2026,1/19/2026,Jan 2026,Bill,Development : Regulatory : Regulatory Procore,"76,890.05 ","76,890.05 ",Paid In Full,DM Nexus PSD air permitting - various activities on invoices - 11/29/25 - 1/2/26,1/27/2026
"Nexus Hubbard Power, LLC","Exp U.S. Services, Inc.",161273,1/21/2026,1/21/2026,Mar 2026,Bill,Development : Engineering : Engineering Procore,"5,990.00 ","5,990.00 ",Paid In Full,25010731-pp Hubbard Data Center Early Site Work Package - Civil Engineering,4/22/2026
"Nexus Land Holdings, LLC",TXU Energy (AutoPay),55328786065,1/21/2026,2/6/2026,Jan 2026,Bill,Infrastructure : Utilities - Infra,20.13 ,20.13 ,Paid In Full,DM Service Period 1/07/2026-1/19/2026,2/2/2026
"Nexus Hubbard Power, LLC","Industrial Project Innovation, LLC",Nexus-005,1/21/2026,2/20/2026,Jan 2026,Bill,Development : Project Management : Project Management Procore,"136,827.94 ","136,827.94 ",Paid In Full,"DM December 2025 preconstruction for Apex: Labor, software recovery, reimbursable expenses - December 2025",2/20/2026
Nexus Data Centers Hubbard LLC,"HDR Engineering, Inc.",1200794941,1/22/2026,2/21/2026,Jan 2026,Bill,Development : Engineering : Engineering Procore,"500,818.10 ","500,818.10 ",Paid In Full,"DM Professional services - PO 1004 (amendment) - project setup, mass grading, C&S, Fire pump allowance - 12/5/25 to 12/27/2025",2/26/2026
Nexus Data Centers Hubbard LLC,"HDR Engineering, Inc.",1200794944,1/22/2026,2/21/2026,Jan 2026,Bill,Development : Engineering : Engineering Procore,"222,168.18 ","222,168.18 ",Paid In Full,DM Professional services - engineering - short form agreement PO 1001 - 12/3/25 - 12/27/25,2/26/2026
"Nexus Apex Holdings, LLC","EXP Energy Services, Inc.",12202514,1/22/2026,1/22/2026,Jan 2026,Bill,Development : Regulatory : Regulatory Procore,"70,481.16 ","70,481.16 ",Paid In Full,"DM Professional Services Rendered From November 29, 2025 - December 26, 2025",1/23/2026
"Nexus Land Holdings, LLC",Champion Energy Services,260210026429016,1/22/2026,2/9/2026,Jan 2026,Bill,Infrastructure : Utilities - Infra,125.26 ,125.26 ,Paid In Full,DM Electric 12/18/2025 - 1/20/2026,2/12/2026
"Nexus Apex Holdings, LLC",Dorsey + Whitney LLP,4148918,1/22/2026,2/22/2026,Jan 2026,Bill,Corporate : Legal,"2,605.00 ","2,605.00 ",Paid In Full,DM Legal services rendered through 1/22/2026 - 12/8/25-1/7/2026 - only .1 of an hour was in January,2/20/2026
"Nexus Data Centers, LLC",Abdellah Kettani,Inv KTS  1/22/26,1/22/2026,1/22/2026,Jan 2026,Bill,Corporate : Corporate,130.00 ,130.00 ,Paid In Full,DM Transportation - Ivan Car Service,2/3/2026
Nexus Data Centers Hubbard LLC,W.G. Yates & Sons Construction Company,PC-01,1/22/2026,2/6/2026,Jan 2026,Bill,Development : Construction : Construction Procore,"36,325.58 ","36,325.58 ",Paid In Full,DM Pre-construction services 12/14/2025-1/18/2026 - 12/14/2025-1/18/2026,2/5/2026
"Nexus Apex Holdings, LLC",Liberty Mutual Insurance Company,01202600,1/23/2026,2/22/2026,Jan 2026,Bill,Development : Insurance,"2,014,794.00 ","2,014,794.00 ",Paid In Full,DM Cash Collateral,3/27/2026
"Nexus Apex Holdings, LLC",SLR international corporation,10022842,1/23/2026,1/23/2026,Jan 2026,Bill,Development : Regulatory : Regulatory Procore,260.00 ,260.00 ,Paid In Full,DM Noise study  - 12/13/25 - 1/16/26,2/3/2026
"Nexus Apex Holdings, LLC",Michels Construction inc,21265100,1/23/2026,1/23/2026,Jan 2026,Bill,Development : Fiber : Fiber Procore,"68,227.50 ","68,227.50 ",Paid In Full,DM Fiber Carrier Work - period to 1/18/2026,1/27/2026
"Nexus Land Holdings, LLC",TXU Energy (AutoPay),54008375826,1/23/2026,2/9/2026,Jan 2026,Bill,Infrastructure : Utilities - Infra,113.53 ,113.53 ,Paid In Full,DM Service Period 12/18/2025-1/19/2026,2/5/2026
"Nexus Land Holdings, LLC",David Kaddatz,# EST-000110,1/27/2026,1/28/2026,Jan 2026,Bill,Infrastructure : Residential Improvements - Infra,"5,346.00 ","5,346.00 ",Paid In Full,DM Deposit - HUB-21 Hill Repairs,2/18/2026
"Nexus Hubbard Power, LLC","Exp U.S. Services, Inc.",161353,1/27/2026,1/27/2026,Jan 2026,Bill,Development : Engineering : Engineering Procore,"26,667.50 ","26,667.50 ",Paid In Full,DM Electrical HV design for PowerCo - Service through 1/23/2026,2/4/2026
"Nexus Apex Holdings, LLC","FLYGUYS, INC.",21641,1/27/2026,2/26/2026,Jan 2026,Bill,Development : Site Services : Site Services Gen,"23,650.00 ","23,650.00 ",Paid In Full,DM Drone Mission LiDAR- JOB ID 106887,3/2/2026
"Nexus Hubbard Power, LLC",Everllence USA INC,6803498,1/27/2026,2/11/2026,Jan 2026,Bill,Development : Asset Procurement : Asset Procurement Procore,"485,303.40 ","485,303.40 ",Paid In Full,DM Change Order No. 001 - additional scope of supply-exhausted gas compensators,2/10/2026
"Nexus Hubbard Power, LLC",Everllence USA INC,6803499,1/27/2026,2/11/2026,Jan 2026,Bill,Development : Asset Procurement : Asset Procurement Procore,"7,487,377.90 ","7,487,377.90 ",Paid In Full,"DM 5306589- Nexus Data Center Hubbard TX -Project Apex Phase 2 -""5% (five percent) of the Scope of Supply Price and Site Activities Price shall be payable by telegraphic bank transfer upon receipt of an applicable invoice which shall be submitted such that payment shall become due 2 (two) months after Effective Date""",2/5/2026
"Nexus Data Centers, LLC",Arcus Advisors LLC,3199,1/28/2026,1/29/2026,Jan 2026,Bill,Corporate : Accounting,"23,098.75 ","23,098.75 ",Paid In Full,DM Accounting advisory / systems - 1/11/2026-1/24/2026 - Jan 11 - Jan 24 2026,2/20/2026
Nexus Data Centers Hubbard LLC,Industrial Electrical Supply,24896,1/29/2026,1/29/2026,Jan 2026,Bill,Development : Asset Procurement : Asset Procurement Procore,"4,274,724.27 ","4,274,724.27 ",Paid In Full,DM 10% PROGRESS PAYMENT FOR HB1 DH1-4 TXS,2/2/2026
Nexus Data Centers Hubbard LLC,Industrial Electrical Supply,24897,1/29/2026,2/28/2026,Jan 2026,Bill,Development : Asset Procurement : Asset Procurement Procore,"11,361,843.25 ","11,361,843.25 ",Paid In Full,DM 10% PROGRESS PAYMENT FOR HB1 DH1-4 MV SWITVHGEAR,2/2/2026
"Nexus Land Holdings, LLC",Sheryl Lorraine Salley,100,1/30/2026,2/13/2026,Jan 2026,Bill,Infrastructure : Site Services - Infra,"7,500.00 ","7,500.00 ",Paid In Full,DM Site Service Consultant - Jan 2026 retainer,2/17/2026
"Nexus Land Holdings, LLC",Sheryl Lorraine Salley,101,1/30/2026,2/13/2026,Jan 2026,Bill,Infrastructure : Site Services - Infra,809.77 ,809.77 ,Paid In Full,DM Site Service Consultant ( travel expenses) - Jan 2026,2/17/2026
"Nexus Data Centers, LLC",Hollee Mize,Jan-26,1/30/2026,2/14/2026,Jan 2026,Bill,Corporate : Workforce,"24,750.00 ","24,750.00 ",Paid In Full,"DM Consulting services - staffing, benefits, salaries, etc. - 1/5/2026-1/30/2026",2/13/2026
"Nexus Data Centers, LLC",Hollee Mize,January expenses,1/30/2026,2/14/2026,Jan 2026,Bill,Corporate : Workforce,262.45 ,262.45 ,Paid In Full,DM Mileage to Hubbard  - 46034,2/13/2026
"Nexus Land Holdings, LLC","Trapp Law Firm, PC",1113,1/31/2026,3/2/2026,Jan 2026,Bill,Infrastructure : Legal - Infra,"18,810.00 ","18,810.00 ",Paid In Full,DM Jan 2026 legal services  - Jan 2026,3/2/2026
"Nexus Apex Holdings, LLC",CI Mission Critical LLC,500.60.25152.000-3,1/31/2026,2/15/2026,Jan 2026,Bill,Development : Engineering : Engineering Gen,"2,200.00 ","2,200.00 ",Paid In Full,"DM Detailed Design - Architectual, MEP Master Planning - Through 1/31/2026",3/11/2026
"Nexus Data Centers, LLC",Regus Corporation,7970-1072,2/1/2026,2/15/2026,Feb 2026,Bill,Corporate : HQ / Office,"15,736.22 ","15,736.22 ",Paid In Full,"DM Mar office space, IT services for Jan, Jan meeting room, and Ketich amenities for Jan",2/17/2026
"Nexus Land Holdings, LLC",ONPOINT Transactions LLC,3592,2/2/2026,2/2/2026,Feb 2026,Bill,Infrastructure : Acquisition costs - Infra,"3,000.00 ","3,000.00 ",Paid In Full,DM Nexus - Jan 2026 - Jan 2026,2/6/2026
"Nexus Hubbard Power, LLC",W.G. Yates & Sons Construction Company,2060126-01,2/3/2026,2/23/2026,Feb 2026,Bill,Development : Construction : Construction Procore,"277,803.33 ","277,803.33 ",Paid In Full,DM Pre-con Hubbard Data Center/Nexus/Waco TX - PowerCo initial work - January 2026,2/18/2026
"Nexus Land Holdings, LLC",TXU Energy (AutoPay),54029623570,2/3/2026,2/19/2026,Feb 2026,Bill,Infrastructure : Utilities - Infra,37.79 ,37.79 ,Paid In Full,DM 1/07/2026- 1/29/2026 351meters,2/5/2026
"Nexus Data Centers, LLC",Kirkland & Ellis LLP,102037090,2/4/2026,2/4/2026,Feb 2026,Bill,Corporate : Legal,"174,338.75 ","174,338.75 ",Paid In Full,DM Transactional services and expenses through  Jan 2026 - January 2026,3/12/2026
"Nexus Apex Holdings, LLC",Tellepsen Builders LP,49601,2/4/2026,2/6/2026,Feb 2026,Bill,Development : Construction : Construction Procore,"75,000.00 ","75,000.00 ",Paid In Full,DM 225184 Next Hubbard Data Center,2/6/2026
"Nexus Hubbard Power, LLC",Primoris Energy Service Corporation,50259-04,2/4/2026,3/6/2026,Feb 2026,Bill,Development : Construction : Construction Procore,"5,067.15 ","5,067.15 ",Paid In Full,DM Equipment rentals,3/12/2026
"Nexus Hubbard Power, LLC",Primoris Energy Service Corporation,50259001-2,2/4/2026,3/6/2026,Feb 2026,Bill,Development : Construction : Construction Procore,"1,620,665.95 ","1,620,665.95 ",Paid In Full,"DM Labor, materials, equipment for Nexus Hubbard Power LS - Period Ending 1/25/2026",3/10/2026
"Nexus Data Centers, LLC",Datasite LLC,INV-890920,2/5/2026,3/7/2026,Feb 2026,Bill,Corporate : Finance,"16,964.89 ","16,964.89 ",Paid In Full,DM January pages processed - Apex Equity - January 2026,3/11/2026
"Nexus Data Centers, LLC",Datasite LLC,INV-893033,2/5/2026,3/7/2026,Feb 2026,Bill,Corporate : Finance,"9,241.23 ","9,241.23 ",Paid In Full,DM January pages processed - Apex  - January 2026,3/11/2026
Nexus Data Centers Hubbard LLC,"HDR Engineering, Inc.",1200800245,2/6/2026,3/8/2026,Mar 2026,Bill,Development : Engineering : Engineering Procore,"247,695.57 ","247,695.57 ",Paid In Full,DFW Campus Planning Dec 28 to Jan 2026 - changed date for clean historical load,4/22/2026
"Nexus Hubbard Power, LLC","Exp U.S. Services, Inc.",161400,2/6/2026,2/6/2026,Feb 2026,Bill,Development : Engineering : Engineering Procore,"57,010.81 ","57,010.81 ",Paid In Full,DM PowerCo MV Design - January 2026,2/17/2026
"Nexus Data Centers, LLC",Datamation Technologies,4778,2/6/2026,2/16/2026,Feb 2026,Bill,Corporate : IT : Services / License,"2,174.74 ","2,174.74 ",Paid In Full,DM Dell pro laptop for new employee user,2/20/2026
"Nexus Hubbard Power, LLC","Industrial Project Innovation, LLC",Nexus-006,2/6/2026,3/8/2026,Feb 2026,Bill,Development : Project Management : Project Management Procore,"194,431.45 ","194,431.45 ",Paid In Full,"DM Labor, software recovery fee, reimbursable expenses - January 2026",3/17/2026
"Nexus Apex Holdings, LLC","Terracon Consultants, Inc.",TQ26234,2/6/2026,3/8/2026,Feb 2026,Bill,Development : Engineering : Engineering Procore,"3,350.00 ","3,350.00 ",Paid In Full,DM Project#HY261000- service through 1/31/2026 - Service through 1/31/2026,3/18/2026
"Nexus Data Centers, LLC",Hollee Mize,Feb-26,2/8/2026,2/23/2026,Feb 2026,Bill,Corporate : Workforce,"7,625.00 ","7,625.00 ",Paid In Full,"DM Consulting services - staffing, benefits, salaries, etc. - February 2026",2/23/2026
"Nexus Data Centers, LLC",Abdellah Kettani,Inv KTS 2/8/26,2/8/2026,2/8/2026,Feb 2026,Bill,Corporate : Corporate,130.00 ,130.00 ,Paid In Full,DM Transportation - Ivan Car Service,3/4/2026
"Nexus Apex Holdings, LLC",SLR international corporation,10023403,2/9/2026,2/9/2026,Feb 2026,Bill,Development : Regulatory : Regulatory Procore,"56,844.41 ","56,844.41 ",Paid In Full,DM Nexus PSD air permitting - various activities on invoices - January 2026,2/10/2026
Nexus Data Centers Hubbard LLC,"HDR Engineering, Inc.",1200800265,2/9/2026,3/11/2026,Mar 2026,Bill,Development : Engineering : Engineering Procore,"459,620.60 ","459,620.60 ",Paid In Full,"Amendment # 1 for Engineering Services - date is wrong put March 1, 2026",4/22/2026
"Nexus Hubbard Power, LLC","Exp U.S. Services, Inc.",161876,2/9/2026,2/9/2026,Feb 2026,Bill,Development : Engineering : Engineering Procore,"36,513.75 ","36,513.75 ",Paid In Full,DM Professional Service -Jan 2026-RAL-25014377-A0 - January 2026,2/10/2026
"Nexus Data Centers, LLC",Holland & Knight LLP,33866678,2/9/2026,2/9/2026,Feb 2026,Bill,Corporate : Legal,"6,051.00 ","6,051.00 ",Paid In Full,DM Profession services through Jan 31 2026- Tenant Lease Anthropic - January 2026,3/27/2026
"Nexus Data Centers, LLC",Arcus Advisors LLC,3225,2/10/2026,2/10/2026,Feb 2026,Bill,Corporate : Accounting,"33,670.00 ","33,670.00 ",Paid In Full,DM Accounting advisory / systems - 1/25/2026-02/07/2026 - Jan 25-Feb 07 2026,3/4/2026
"Nexus Apex Holdings, LLC",Dorsey + Whitney LLP,4154328,2/10/2026,3/10/2026,Feb 2026,Bill,Corporate : Legal,"2,815.00 ","2,815.00 ",Paid In Full,DM Legal services rendered through 02/10/2026,3/17/2026
"Nexus Hubbard Power, LLC",Honeywell International Inc.,5272208342,2/12/2026,3/14/2026,Feb 2026,Bill,Development : Asset Procurement : Asset Procurement Procore,"654,107.67 ","654,107.67 ",Paid In Full,DM Battery Energy Storage - Initial PO payment,2/20/2026
"Nexus Land Holdings, LLC",Champion Energy Services,260440026564413,2/13/2026,3/2/2026,Feb 2026,Bill,Infrastructure : Utilities - Infra,755.79 ,755.79 ,Paid In Full,DM 1/13/2026-2/12/2-26,3/3/2026
"Nexus Data Centers, LLC","Braintek, LLC",45213,2/13/2026,2/28/2026,Feb 2026,Bill,Corporate : IT : Services / License,"20,244.32 ","20,244.32 ",Paid In Full,DM Early Cancellation Fee & remaining SaaS amounts - Early contract cancellation fee,2/25/2026
"Nexus Land Holdings, LLC",Serna Serrvices,8573,2/14/2026,2/14/2026,Feb 2026,Bill,Infrastructure : Site Services - Infra,150.00 ,150.00 ,Paid In Full,DM Repairs - A/C - HUB 10 specific  - Feb 2026,2/25/2026
"Nexus Apex Holdings, LLC",Used Frac Tanks Inc.,46069,2/16/2026,2/20/2026,Feb 2026,Bill,Development : Asset Procurement : Asset Procurement Gen,"90,900.00 ","90,900.00 ",Paid In Full,DM Refurbished Flat Top Frac Tank - 3 - in service 2-16-26,2/20/2026
"Nexus Apex Holdings, LLC",PRAIRIELANDS GROUNDWATER CONSERVATION DISTRICT,2026-0090,2/17/2026,2/28/2026,Feb 2026,Bill,Development : Utilities : Utilities Gen,"1,487.78 ","1,487.78 ",Paid In Full,DM Well Registration PGCD-003626 - Usage fees & filing fees - Q1 2026,3/2/2026
"Nexus Data Centers, LLC",Datamation Technologies,4779,2/17/2026,2/27/2026,Feb 2026,Bill,Corporate : IT : Services / License,"11,309.96 ","11,309.96 ",Paid In Full,DM 5 dell laptops and support,3/2/2026
"Nexus Data Centers, LLC",Datamation Technologies,4780,2/17/2026,2/27/2026,Feb 2026,Bill,Corporate : IT : Services / License,"2,284.62 ","2,284.62 ",Paid In Full,"DM Monitors, wired keyboard, camera",3/2/2026
"Nexus Data Centers, LLC",PwC US Tax LLP,208A117095,2/18/2026,3/20/2026,Feb 2026,Bill,Corporate : Accounting,"11,638.00 ","11,638.00 ",Paid In Full,DM Jan 2026 tax consulting services  - January 2026,3/24/2026
"Nexus Land Holdings, LLC",Champion Energy Services,260500026598877,2/18/2026,3/9/2026,Feb 2026,Bill,Infrastructure : Utilities - Infra,299.23 ,299.23 ,Paid In Full,DM 1/20/2026-2/18/2026,3/10/2026
"Nexus Data Centers, LLC",Abdellah Kettani,Inv KTS 2/18/26,2/18/2026,2/18/2026,Feb 2026,Bill,Corporate : Corporate,110.00 ,110.00 ,Paid In Full,DM Transportation - Ivan Car Service,3/4/2026
"Nexus Apex Holdings, LLC",Tinsley Drilling & Company Inc,169-26,2/19/2026,3/21/2026,Feb 2026,Bill,Development : Construction : Construction Procore,"410,287.00 ","410,287.00 ",Paid In Full,"DM Down Payment - Mobilization, 1/2 payment Stainless Slot Screen, 1/2 payment 100HP Yaskawa VFD",3/10/2026
"Nexus Land Holdings, LLC",TXU Energy (AutoPay),55428780693,2/19/2026,3/9/2026,Feb 2026,Bill,Infrastructure : Utilities - Infra,388.31 ,388.31 ,Paid In Full,DM Service Period 1/20/2026- 2/17/2026-9001012067,3/5/2026
"Nexus Land Holdings, LLC",TXU Energy (AutoPay),55828617113,2/19/2026,3/9/2026,Feb 2026,Bill,Infrastructure : Utilities - Infra,303.42 ,303.42 ,Paid In Full,DM Service Period 1/20/2026- 2/17/2026,3/5/2026
"Nexus Apex Holdings, LLC",Michels Construction inc,21265101,2/20/2026,2/20/2026,Feb 2026,Bill,Development : Fiber : Fiber Procore,"75,450.00 ","75,450.00 ",Paid In Full,DM Fiber Carrier Engagement & OSP Fiber Network  Design to Project Apex-TX - Period to 2/15,3/17/2026
"Nexus Land Holdings, LLC",TXU Energy (AutoPay),54728908244,2/20/2026,3/9/2026,Feb 2026,Bill,Infrastructure : Utilities - Infra,565.65 ,565.65 ,Paid In Full,DM Service Period 1/29/2026-2/17/2026- 900082370175 - Feb 2026,3/5/2026
"Nexus Data Centers, LLC",Abdellah Kettani,Inv KTS 2/20/26,2/20/2026,2/20/2026,Feb 2026,Bill,Corporate : Corporate,130.00 ,130.00 ,Paid In Full,DM Transportation - Ivan Car Service,3/4/2026
"Nexus Data Centers, LLC",Abdellah Kettani,Inv KTS 2/22/26,2/22/2026,2/22/2026,Feb 2026,Bill,Corporate : Corporate,130.00 ,130.00 ,Paid In Full,DM Transportation - Ivan Car Service,3/4/2026
"Nexus Data Centers, LLC",Butler Snow LLP,10514812,2/23/2026,2/23/2026,Feb 2026,Bill,Corporate : Legal,"11,050.00 ","11,050.00 ",Paid In Full,DM Hubbard project - Service Rendered Through Jan 31 2026 _ Dec 2025 & Jan time - Dec 2025 & Jan 2026,3/27/2026
"Nexus Hubbard Power, LLC",W.G. Yates & Sons Construction Company,2060126-02,2/23/2026,3/25/2026,Feb 2026,Bill,Development : Construction : Construction Procore,"317,113.90 ","317,113.90 ",Paid In Full,"DM Labor, IDOM subcontract, rental equipment, and lodging - Februray 2026",3/10/2026
Nexus Data Centers Hubbard LLC,Industrial Electrical Supply,25137,2/23/2026,3/25/2026,Feb 2026,Bill,Development : Asset Procurement : Asset Procurement Procore,"21,373,621.33 ","21,373,621.33 ",Paid In Full,DM 50% Progress payent for HB1 DH1-4 TXS - 50% Progress payment,3/25/2026
Nexus Data Centers Hubbard LLC,W.G. Yates & Sons Construction Company,PC-02,2/23/2026,3/10/2026,Feb 2026,Bill,Development : Construction : Construction Procore,"172,235.79 ","172,235.79 ",Paid In Full,"DM DataCo - preconstruction, reimbursables, equipment - 1/25/26 - 2/15/26",3/27/2026
"Nexus Hubbard Power, LLC",Honeywell International Inc.,5272299716,2/24/2026,3/26/2026,Feb 2026,Bill,Development : Asset Procurement : Asset Procurement Procore,"9,448,221.90 ","9,448,221.90 ",Paid In Full,DM Submittal of BESS Architecture Draw- 30% payment,3/26/2026
"Nexus Hubbard Power, LLC","Exp U.S. Services, Inc.",162305,2/25/2026,2/25/2026,Feb 2026,Bill,Development : Engineering : Engineering Procore,"20,942.25 ","20,942.25 ",Paid In Full,DM Professional Service -Jan 31 2026 to Feb 13 2026 -RAL-25014377-A0,3/11/2026
"Nexus Data Centers, LLC",Oracle NetSuite,2417985,2/25/2026,3/25/2026,Feb 2026,Bill,Corporate : IT : Services / License,"14,913.33 ","14,913.33 ",Paid In Full,"DM NS Cloud Service/User, Implementation Services",3/24/2026
"Nexus Data Centers, LLC",Arcus Advisors LLC,3245,2/25/2026,2/25/2026,Feb 2026,Bill,Corporate : Accounting,"37,777.50 ","37,777.50 ",Paid In Full,DM Accounting advisory / systems - 02/08/2026 to 2/21/2026 - Feb 08 2026-Feb 21 2026,3/27/2026
Nexus Data Centers Hubbard LLC,EUTAW Construction Company Inc.,26011-01 (REVISED),2/26/2026,3/28/2026,Feb 2026,Bill,Development : Construction : Construction Procore,"6,555,236.25 ","6,555,236.25 ",Paid In Full,DM Work completed through 1/31/2026 - January 2026,3/3/2026
"Nexus Land Holdings, LLC",City of Hubbard,Inv CoH 2/26/26,2/26/2026,3/16/2026,Feb 2026,Bill,Corporate : Corporate,319.21 ,319.21 ,Paid In Full,DM 1/22/2026-2/26/2026- Acct#05-1610-03,3/17/2026
"Nexus Apex Holdings, LLC","EXP Energy Services, Inc.",1202616,2/27/2026,3/27/2026,Feb 2026,Bill,Development : Regulatory : Regulatory Procore,"6,405.25 ","6,405.25 ",Paid In Full,"DM Professional Services Rendered from December 27,2025- January 30 2026 Project HOU-25007091-00",3/18/2026
"Nexus Data Centers, LLC","GeoTel Communications, LLC",26-0221,2/27/2026,3/29/2026,Mar 2026,Bill,Corporate : Business development,"5,575.00 ","5,575.00 ",Paid In Full,changed date to march 1 for historical load,4/8/2026
"Nexus Land Holdings, LLC",ONPOINT Transactions LLC,3656,2/27/2026,2/27/2026,Feb 2026,Bill,Infrastructure : Acquisition costs - Infra,"4,500.00 ","4,500.00 ",Paid In Full,"DM Nexus-Feb 2026 Monthly Maintennace (2), Open Order (7) - Feb 2026",3/10/2026
"Nexus Land Holdings, LLC",American Craftsmen,N/A - see proposal,2/27/2026,2/27/2026,Feb 2026,Bill,Infrastructure : Residential Improvements - Infra,"23,632.76 ","23,632.76 ",Paid In Full,DM 25% payment for halfway point- Nexus HUB 10 rehab - Halfway point,2/27/2026
Nexus Data Centers Hubbard LLC,Industrial Electrical Supply,25225,2/28/2026,3/30/2026,Feb 2026,Bill,Development : Asset Procurement : Asset Procurement Procore,"56,809,216.23 ","56,809,216.23 ",Paid In Full,DM 50% Progress payment for HB1 DH1-4 Switchgear - 50% Progress payment,3/27/2026
"Nexus Data Centers, LLC","Netgain Solutions, Inc.",#INV12420,3/1/2026,4/1/2026,Mar 2026,Bill,Corporate : Accounting,"1,212.58 ","1,212.58 ",Paid In Full,01/01/26 - 12/31/26,4/8/2026
"Nexus Data Centers, LLC",Regus Corporation,7970-1181,3/1/2026,3/15/2026,Mar 2026,Bill,Corporate : HQ / Office,"14,628.68 ","14,628.68 ",Paid In Full,"DM Apr office space ,  Feb IT & Meeting Room Kitchen Security Access",3/16/2026
"Nexus Hubbard Power, LLC",NAES Corporation,NAES-IN0000033718,3/1/2026,3/31/2026,Mar 2026,Bill,Operations : O&M : O&M Procore,"3,641.00 ","3,641.00 ",Paid In Full,,5/15/2026
"Nexus Data Centers, LLC","May Business Co, LLC",02-1002,3/2/2026,3/16/2026,Mar 2026,Bill,Corporate : Workforce,"3,500.00 ","3,500.00 ",Paid In Full,DM Monthly Fee for service in March - March 2026,3/24/2026
"Nexus Land Holdings, LLC","Trapp Law Firm, PC",1130,3/2/2026,4/1/2026,Mar 2026,Bill,Infrastructure : Legal - Infra,"27,460.00 ","27,460.00 ",Paid In Full,DM Feb 2026 legal services  - Feb 2026,3/24/2026
"Nexus Hubbard Power, LLC",Primoris Energy Service Corporation,43427- 01,3/2/2026,4/1/2026,Mar 2026,Bill,Development : Construction : Construction Procore,"600,000.00 ","600,000.00 ",Paid In Full,LNTP - EPC 43427,4/9/2026
"Nexus Hubbard Power, LLC",Primoris Energy Service Corporation,50259001-3,3/2/2026,4/1/2026,Mar 2026,Bill,Development : Construction : Construction Procore,"1,514,401.65 ","1,514,401.65 ",Paid In Full,"DM Labor, materials, equipment for Nexus Hubbard Power LS - February 2026",3/27/2026
"Nexus Data Centers, LLC",wework,202600000618,3/3/2026,3/3/2026,Mar 2026,Bill,Corporate : HQ / Office,"22,844.00 ","22,844.00 ",Paid In Full,DM Member Service Retainer,3/3/2026
"Nexus Land Holdings, LLC",American Craftsmen,2246,3/3/2026,3/3/2026,Mar 2026,Bill,Infrastructure : Residential Improvements - Infra,"4,754.53 ","4,754.53 ",Paid In Full,DM labors and materials to relocate electrical meter - HUB 01 work - February 2026,3/10/2026
"Nexus Land Holdings, LLC",American Craftsmen,2246 (FINAL),3/3/2026,3/3/2026,Mar 2026,Bill,Infrastructure : Residential Improvements - Infra,"30,927.53 ","30,927.53 ",Paid In Full,DM Renovation of property 880 State Highway 171 HUB 01 office - Milestone payments for rehab - total time est. 75 days,3/24/2026
"Nexus Land Holdings, LLC",TXU Energy (AutoPay),55553757829,3/3/2026,3/19/2026,Mar 2026,Bill,Infrastructure : Utilities - Infra,28.64 ,28.64 ,Paid In Full,DM Service Period 1/30/2026-3/1/2026-900081609664,3/16/2026
"Nexus Hubbard Power, LLC","Exp U.S. Services, Inc.",162935,3/4/2026,3/4/2026,Mar 2026,Bill,Development : Engineering : Engineering Procore,"8,187.33 ","8,187.33 ",Paid In Full,"Professional Services from February 14, 2026 to February 27, 2026",4/22/2026
"Nexus Land Holdings, LLC",Sheryl Lorraine Salley,200,3/4/2026,3/19/2026,Mar 2026,Bill,Infrastructure : Site Services - Infra,"7,500.00 ","7,500.00 ",Paid In Full,DM Site Service Consultant - Feb 2026,3/24/2026
Nexus Data Centers Hubbard LLC,Industrial Electrical Supply,25278,3/4/2026,4/3/2026,Mar 2026,Bill,Development : Asset Procurement : Asset Procurement Procore,"11,720,400.00 ","11,720,400.00 ",Paid In Full,DM Progress Payment 30% (Start Manufacturing) - HB1 DH1-4 Busway,3/27/2026
"Nexus Hubbard Power, LLC","Exp U.S. Services, Inc.",162502,3/5/2026,4/5/2026,Mar 2026,Bill,Development : Engineering : Engineering Procore,"56,155.26 ","56,155.26 ",Paid In Full,Feb 2026 professional services,5/15/2026
"Nexus Data Centers, LLC",Datasite LLC,INV-904634,3/5/2026,4/4/2026,Mar 2026,Bill,Corporate : Finance,"4,709.02 ","4,709.02 ",Paid In Full,DM Feb Pages processed - February 2026,3/17/2026
Nexus Data Centers Hubbard LLC,"HDR Engineering, Inc.",1200808006,3/6/2026,4/6/2026,Mar 2026,Bill,Development : Engineering : Engineering Procore,"208,109.94 ","208,109.94 ",Paid In Full,,5/8/2026
"Nexus Data Centers, LLC","BMP Partners, Inc",3001705,3/6/2026,4/5/2026,Mar 2026,Bill,Corporate : Marketing / Branding,"2,377.25 ","2,377.25 ",Paid In Full,Nexus Pens,6/26/2026
"Nexus Data Centers, LLC",Datamation Technologies,4782,3/6/2026,3/16/2026,Mar 2026,Bill,Corporate : IT : Services / License,"12,406.25 ","12,406.25 ",Paid In Full,"Managed IT Services (M365, General IT, Project Services)",4/8/2026
"Nexus Land Holdings, LLC",Frontier Waste Solutions,FW03062026-1,3/6/2026,3/6/2026,Mar 2026,Bill,Infrastructure : Utilities - Infra,168.13 ,168.13 ,Paid In Full,DM - missing inv #,3/6/2026
"Nexus Land Holdings, LLC",Frontier Waste Solutions,FW03062026-2,3/6/2026,3/6/2026,Mar 2026,Bill,Infrastructure : Utilities - Infra,168.13 ,168.13 ,Paid In Full,DM - missing inv #,3/6/2026
Nexus Data Centers Hubbard LLC,CorePhase Enterprises LLC,2025-NEX-001-002,3/7/2026,3/22/2026,Mar 2026,Bill,Development : Project Management : Project Management Procore,"258,280.57 ","258,280.57 ",Paid In Full,DM PM services 12/27/25 to 1/30/26 - End Dec & Jan 2026,3/10/2026
"Nexus Apex Holdings, LLC",SLR international corporation,10024347,3/9/2026,3/9/2026,Mar 2026,Bill,Development : Engineering : Engineering Procore,"103,913.86 ","103,913.86 ",Paid In Full,Air Permitting,5/27/2026
"Nexus Apex Holdings, LLC",PRAIRIELANDS GROUNDWATER CONSERVATION DISTRICT,2026-0136,3/9/2026,3/9/2026,Mar 2026,Bill,Development : Utilities : Utilities Gen,145.00 ,145.00 ,Paid In Full,DM Filing fees for well registration,3/10/2026
"Nexus Apex Holdings, LLC",Post Oak Special Utility District,338,3/9/2026,3/9/2026,Mar 2026,Bill,Infrastructure : Utilities - Infra,"37,500.00 ","37,500.00 ",Paid In Full,DM Install New Meter Service-Austin Street/Greenwood Estates,3/10/2026
"Nexus Data Centers, LLC",Datamation Technologies,4784,3/9/2026,3/19/2026,Mar 2026,Bill,Corporate : IT : Assets,"2,349.03 ","2,349.03 ",Paid In Full,Hardware purchases,4/8/2026
"Nexus Data Centers, LLC",Datamation Technologies,4785,3/9/2026,3/19/2026,Mar 2026,Bill,Corporate : IT : Assets,"2,120.73 ","2,120.73 ",Paid In Full,Hardware purchases,4/8/2026
Nexus Data Centers Hubbard LLC,CorePhase Enterprises LLC,2025-NEX-001-003,3/10/2026,4/10/2026,Mar 2026,Bill,Development : Project Management : Project Management Procore,"290,143.35 ","290,143.35 ",Paid In Full,DM SOW # 2025-NEX-001 included in Annex 3 of the MASTER SERVICES AGREEMENT,4/10/2026
"Nexus Land Holdings, LLC",Brian Stroud,818811,3/10/2026,3/10/2026,Mar 2026,Bill,Infrastructure : Site Services - Infra,"1,678.17 ","1,678.17 ",Paid In Full,DM King House,3/13/2026
"Nexus Data Centers, LLC",Kirkland & Ellis LLP,1020037647,3/11/2026,3/11/2026,Mar 2026,Bill,Corporate : Legal,"35,467.50 ","35,467.50 ",Paid In Full,DM Transactional services and expenses through  Feb 2026 - Feb 2026,3/12/2026
"Nexus Data Centers, LLC",Arcus Advisors LLC,3270,3/11/2026,3/11/2026,Mar 2026,Bill,Corporate : Accounting,"32,680.00 ","32,680.00 ",Paid In Full,,5/4/2026
"Nexus Land Holdings, LLC",Brian Stroud,818812,3/11/2026,3/11/2026,Mar 2026,Bill,Infrastructure : Site Services - Infra,816.53 ,816.53 ,Paid In Full,,4/13/2026
"Nexus Data Centers, LLC","LinkSquares, Inc.",INV12451,3/11/2026,5/10/2026,Mar 2026,Bill,Corporate : Corporate,"18,593.32 ","18,593.32 ",Paid In Full,3/11/2026-9/10/2026,5/15/2026
"Nexus Data Centers, LLC",Butler Snow LLP,10518940,3/12/2026,3/12/2026,Mar 2026,Bill,Corporate : Legal,"2,817.00 ","2,817.00 ",Paid In Full,DM Hubbard project - Service Rendered Through Feb 28 2026 - Feb 2026,3/27/2026
Nexus Data Centers Hubbard LLC,EUTAW Construction Company Inc.,26011-02,3/12/2026,4/11/2026,Mar 2026,Bill,Development : Construction : Construction Procore,"24,861,242.33 ","24,861,242.33 ",Paid In Full,DM Work completed through 02/28/2026 - February 2026,3/12/2026
"Nexus Data Centers, LLC",Holland & Knight LLP,33895551,3/12/2026,3/12/2026,Mar 2026,Bill,Corporate : Legal,"2,937.00 ","2,937.00 ",Paid In Full,"DM Profession services through Feb 28,2026 - Feb 2026",3/27/2026
"Nexus Data Centers, LLC",Allision T Clark,061001,3/13/2026,4/12/2026,Mar 2026,Bill,Corporate : Marketing / Branding,"5,600.00 ","5,600.00 ",Paid In Full,,5/4/2026
"Nexus Apex Holdings, LLC",Liberty Mutual Insurance Company,11325639,3/13/2026,4/2/2026,Mar 2026,Bill,Development : Insurance,"281,000.00 ","281,000.00 ",Paid In Full,DM Worker Comp Deductible - manually fixed as originally loaded at TopCo a,3/26/2026
"Nexus Data Centers, LLC",PwC US Tax LLP,208A136682,3/13/2026,4/12/2026,Mar 2026,Bill,Corporate : Accounting,"12,245.00 ","12,245.00 ",Paid In Full,DM Progress billing for services - 2/1/2026-2/28/2926 - February 2026,3/24/2026
"Nexus Data Centers, LLC",Oracle NetSuite,2436226,3/13/2026,4/12/2026,Mar 2026,Bill,Corporate : IT : Services / License,"1,335.63 ","1,335.63 ",Paid In Full,DM NetSuite add'l users charge - quarterly payment,3/24/2026
"Nexus Land Holdings, LLC",Champion Energy Services,260760026731729,3/16/2026,4/3/2026,Mar 2026,Bill,Infrastructure : Utilities - Infra,236.31 ,236.31 ,Paid In Full,DM 2/12/2026-3/16/2026,4/6/2026
"Nexus Data Centers, LLC",Datamation Technologies,4786,3/16/2026,3/26/2026,Mar 2026,Bill,Corporate : IT : Services / License,"19,273.11 ","19,273.11 ",Paid In Full,DM Dell pro laptop for new employee user(10 laptops),3/24/2026
"Nexus Land Holdings, LLC",Luisa V Savage,Bill#2,3/16/2026,3/30/2026,Mar 2026,Bill,Infrastructure : Site Services - Infra,"1,501.76 ","1,501.76 ",Paid In Full,DM Wallace & Jarvis Cleaning - Feb 27 2026-March 15 2026,3/24/2026
"Nexus Land Holdings, LLC",David Kaddatz,INV-000152,3/16/2026,3/18/2026,Mar 2026,Bill,Infrastructure : Residential Improvements - Infra,"5,721.00 ","5,721.00 ",Paid In Full,DM Bathroom Remodel (King/HUB-34?),3/24/2026
"Nexus Land Holdings, LLC",David Kaddatz,INV-000153,3/16/2026,3/16/2026,Mar 2026,Bill,Infrastructure : Residential Improvements - Infra,450.00 ,450.00 ,Paid In Full,DM Plumbing repair - King house septic,3/24/2026
Nexus Data Centers Hubbard LLC,"Rountree Towers, Inc",1016,3/17/2026,3/22/2026,Mar 2026,Bill,Development : Fiber : Fiber Procore,"108,082.83 ","108,082.83 ",Paid In Full,Design Procure Internet Wireless Network,4/22/2026
"Nexus Hubbard Power, LLC",WTG Gas Transmission,LTN#3-27-26,3/17/2026,3/27/2026,Mar 2026,Bill,Operations : Gas : Gas Gen,"3,500,000.00 ","3,500,000.00 ",Paid In Full,LTN to Proceed,3/18/2026
"Nexus Apex Holdings, LLC","Terracon Consultants, Inc.",TQ44261,3/17/2026,4/16/2026,Mar 2026,Bill,Development : Engineering : Engineering Procore,"29,500.00 ","29,500.00 ",Paid In Full,Jan and Feb 2026 Support,5/27/2026
"Nexus Land Holdings, LLC",American Craftsmen,2259,3/18/2026,3/18/2026,Mar 2026,Bill,Infrastructure : Residential Improvements - Infra,"10,134.28 ","10,134.28 ",Paid In Full,Residential Improvements - Final payment,4/14/2026
"Nexus Hubbard Power, LLC",WTG Gas Transmission,LNTP #2 — initial CIAC,3/18/2026,3/18/2026,Mar 2026,Bill,Operations : Gas : Gas Gen,"8,188,890.00 ","8,188,890.00 ",Paid In Full,LNTP #2 — initial CIAC,3/20/2026
"Nexus Hubbard Power, LLC","Industrial Project Innovation, LLC",Nexus-007,3/18/2026,4/17/2026,Mar 2026,Bill,Development : Project Management : Project Management Procore,"426,547.02 ","426,547.02 ",Paid In Full,PM Feb 2026,4/22/2026
"Nexus Land Holdings, LLC",American Craftsmen,N/A - see proposal,3/19/2026,3/19/2026,Mar 2026,Bill,Infrastructure : Residential Improvements - Infra,"11,816.38 ","11,816.38 ",Paid In Full,DM 25% payment for halfway point- Nexus HUB 10 rehab,3/24/2026
"Nexus Apex Holdings, LLC",PRAIRIELANDS GROUNDWATER CONSERVATION DISTRICT,2026-0246,3/20/2026,3/20/2026,Mar 2026,Bill,Development : Utilities : Utilities Gen,"6,000.00 ","6,000.00 ",Paid In Full,DM Water usage fees Q22026,3/24/2026
"Nexus Hubbard Power, LLC",Everllence USA INC,6803549,3/20/2026,4/4/2026,Mar 2026,Bill,Development : Asset Procurement : Asset Procurement Procore,"14,974,755.80 ","14,974,755.80 ",Paid In Full,DM 10% Milestone Payment for MAN enginges (11 units),3/27/2026
"Nexus Land Holdings, LLC",Brian Stroud,818816,3/20/2026,3/20/2026,Mar 2026,Bill,Infrastructure : Site Services - Infra,"2,749.18 ","2,749.18 ",Paid In Full,,4/13/2026
"Nexus Apex Holdings, LLC",Promoveo Group LLC,323,3/23/2026,3/23/2026,Mar 2026,Bill,Development : Project Management : Project Management Gen,"17,850.00 ","17,850.00 ",Paid In Full,"DM OR Planning Services - Baseline status meetings, planning sessions with COO/CDO & Naes, document review, revised master planning scope/schedule/estimate, MIC workshop framework",3/27/2026
"Nexus Data Centers, LLC","Ultera, llc",361,3/23/2026,4/7/2026,Mar 2026,Bill,Corporate : Workforce,"58,000.00 ","58,000.00 ",Paid In Full,DM Recruitment of Derek Morris,3/27/2026
"Nexus Land Holdings, LLC",TXU Energy (AutoPay),TXU03232026,3/23/2026,3/23/2026,Mar 2026,Bill,Infrastructure : Utilities - Infra,102.64 ,102.64 ,Paid In Full,DM - Missing Inv,3/23/2026
"Nexus Land Holdings, LLC","Seismic Exchange, Inc.",P-02-197136-0,3/24/2026,3/24/2026,Mar 2026,Bill,Infrastructure : Legal - Infra,"68,231.80 ","68,231.80 ",Paid In Full,,4/6/2026
"Nexus Hubbard Power, LLC",Creatum Solar LLC,260325_001,3/25/2026,3/25/2026,Apr 2026,Bill,Development : Asset Procurement : Asset Procurement Procore,"253,500.00 ","253,500.00 ",Paid In Full,Professional Services Agreement (Jan 23 2026),4/22/2026
"Nexus Apex Holdings, LLC",Michels Construction inc,21265102,3/26/2026,3/26/2026,Mar 2026,Bill,Development : Fiber : Fiber Procore,"47,928.75 ","47,928.75 ",Paid In Full,Job 25215103 Fiber Carrier Engagement & OSP Fiber Network Design to Project Apex,5/4/2026
"Nexus Land Holdings, LLC",CT Hydroflo LLC,3248,3/26/2026,3/25/2026,Mar 2026,Bill,Infrastructure : Utilities - Infra,"37,055.00 ","37,055.00 ",Paid In Full,,4/15/2026
"Nexus Data Centers, LLC",Arcus Advisors LLC,3307,3/26/2026,3/26/2026,Mar 2026,Bill,Corporate : Accounting,"43,070.00 ","43,070.00 ",Paid In Full,March 8 to  21,5/4/2026
"Nexus Apex Holdings, LLC","EXP Energy Services, Inc.",02202613,3/27/2026,3/27/2026,Mar 2026,Bill,Development : Regulatory : Regulatory Procore,"5,355.25 ","5,355.25 ",Paid In Full,"January 31, 2026 - February 27, 2026",5/15/2026
Nexus Data Centers Hubbard LLC,W.G. Yates & Sons Construction Company,PC-03.1,3/27/2026,4/11/2026,Mar 2026,Bill,Development : Construction : Construction Procore,"435,763.63 ","435,763.63 ",Paid In Full,March services,5/11/2026
"Nexus Land Holdings, LLC",American Craftsmen,2256,3/30/2026,3/30/2026,Mar 2026,Bill,Infrastructure : Residential Improvements - Infra,"11,814.18 ","11,814.18 ",Paid In Full,Residential Improvements,4/14/2026
"Nexus Land Holdings, LLC",American Craftsmen,2261,3/30/2026,3/30/2026,Mar 2026,Bill,Infrastructure : Residential Improvements - Infra,"8,551.99 ","8,551.99 ",Paid In Full,Residential Improvements - 50% Draw,4/14/2026
"Nexus Land Holdings, LLC",American Craftsmen,2263,3/30/2026,3/30/2026,Mar 2026,Bill,Infrastructure : Residential Improvements - Infra,"12,043.60 ","12,043.60 ",Paid In Full,,4/14/2026
"Nexus Apex Holdings, LLC","Orrick, Herrington & Sutcliffe LLP",2359114,3/30/2026,3/30/2026,Mar 2026,Bill,Corporate : Finance,"72,658.81 ","72,658.81 ",Paid In Full,EP loan refi & upsize,4/21/2026
"Nexus Land Holdings, LLC",ONPOINT Transactions LLC,3754,3/30/2026,3/30/2026,Mar 2026,Bill,Infrastructure : Acquisition costs - Infra,"9,000.00 ","9,000.00 ",Paid In Full,,4/14/2026
Nexus Data Centers Hubbard LLC,W.G. Yates & Sons Construction Company,5302601-01,3/30/2026,4/30/2026,Mar 2026,Bill,Development : Construction : Construction Procore,"8,471,454.51 ","8,471,454.51 ",Paid In Full,March Services,4/30/2026
"Nexus Land Holdings, LLC","Trapp Law Firm, PC",1148,3/31/2026,4/30/2026,Mar 2026,Bill,Infrastructure : Acquisition costs - Infra,"25,380.00 ","25,380.00 ",Paid In Full,,4/21/2026
"Nexus Data Centers, LLC",Datamation Technologies,4789,3/31/2026,4/10/2026,Mar 2026,Bill,Corporate : IT : Assets,"5,757.82 ","5,757.82 ",Paid In Full,Hardware purchases,4/13/2026
"Nexus Data Centers, LLC",Datamation Technologies,4790,3/31/2026,4/10/2026,Mar 2026,Bill,Corporate : IT : Assets,"2,347.94 ","2,347.94 ",Paid In Full,,4/13/2026
"Nexus Data Centers, LLC",Datamation Technologies,4791,3/31/2026,4/10/2026,Mar 2026,Bill,Corporate : IT : Assets,898.48 ,898.48 ,Paid In Full,,4/13/2026
"Nexus Land Holdings, LLC",Brian Stroud,818817,3/31/2026,3/31/2026,Mar 2026,Bill,Infrastructure : Site Services - Infra,"1,393.63 ","1,393.63 ",Paid In Full,,4/13/2026
"Nexus Hubbard Power, LLC",NAES Corporation,NAES-IN0000034885,3/31/2026,4/30/2026,Mar 2026,Bill,Operations : O&M : O&M Procore,125.50 ,0.00 ,Open,,
Nexus Data Centers Hubbard LLC,Tinsley Drilling & Company Inc,170-26,4/1/2026,5/1/2026,Apr 2026,Bill,Development : Construction : Construction Procore,"1,324,160.00 ",0.00 ,Rejected,,
"Nexus Data Centers, LLC",wework,202600001098,4/1/2026,4/1/2026,Apr 2026,Bill,Corporate : HQ / Office,"10,800.00 ","10,800.00 ",Paid In Full,April Austin Rent,4/13/2026
"Nexus Apex Holdings, LLC",Post Oak Special Utility District,221929846 - March 2026,4/1/2026,4/16/2026,Apr 2026,Bill,Development : Utilities : Utilities Gen,"6,955.00 ","6,955.00 ",Paid In Full,March site usage,4/21/2026
"Nexus Apex Holdings, LLC",Post Oak Special Utility District,222737930 - March 2026,4/1/2026,4/16/2026,Apr 2026,Bill,Development : Utilities : Utilities Gen,"8,675.25 ","8,675.25 ",Paid In Full,,4/21/2026
"Nexus Apex Holdings, LLC",Post Oak Special Utility District,222739086 - March 2026,4/1/2026,4/16/2026,Apr 2026,Bill,Development : Utilities : Utilities Gen,"10,145.71 ","10,145.71 ",Paid In Full,,4/21/2026
"Nexus Land Holdings, LLC",Kerry Johnson,3,4/1/2026,4/16/2026,Apr 2026,Bill,Infrastructure : Residential Improvements - Infra,120.00 ,120.00 ,Paid In Full,paid via check 1043,4/1/2026
"Nexus Land Holdings, LLC",Sheryl Lorraine Salley,300,4/1/2026,4/16/2026,Apr 2026,Bill,Infrastructure : Site Services - Infra,"7,500.00 ","7,500.00 ",Paid In Full,Incorrect due date on invoice,4/14/2026
"Nexus Hubbard Power, LLC",Primoris Energy Service Corporation,50259001-4,4/1/2026,5/1/2026,Apr 2026,Bill,Development : Construction : Construction Procore,"2,538,475.57 ","2,538,475.57 ",Paid In Full,Contract :  50259-001,5/8/2026
"Nexus Hubbard Power, LLC",Everllence USA INC,6803569,4/1/2026,4/15/2026,Apr 2026,Bill,Development : Asset Procurement : Asset Procurement Procore,"12,503,681.11 ","12,503,681.11 ",Paid In Full,Equipment Supply Contract - body of contract (9/26/2025) - 13 units and change order,4/16/2026
"Nexus Data Centers, LLC",Regus Corporation,7970-1297,4/1/2026,4/15/2026,Apr 2026,Bill,Corporate : HQ / Office,"15,310.82 ","15,072.82 ",Open,,
"Nexus Land Holdings, LLC",Luisa V Savage,Bill # 3,4/1/2026,4/16/2026,Apr 2026,Bill,Infrastructure : Site Services - Infra,"1,310.90 ","1,310.90 ",Paid In Full,March accrual,5/4/2026
"Nexus Hubbard Power, LLC",NAES Corporation,CONS-000004084,4/1/2026,4/30/2026,Apr 2026,Bill,Operations : O&M : O&M Procore,"29,530.75 ","29,530.75 ",Paid In Full,Feb 2 - March 13,6/26/2026
"Nexus Land Holdings, LLC",TXU Energy (AutoPay),040226-1,4/2/2026,4/2/2026,Apr 2026,Bill,Infrastructure : Utilities - Infra,"1,304.98 ","1,304.98 ",Paid In Full,TXU April Payments,4/2/2026
"Nexus Land Holdings, LLC",City of Hubbard,1044,4/2/2026,4/2/2026,Apr 2026,Bill,Infrastructure : Utilities - Infra,300.00 ,300.00 ,Paid In Full,Paid via check 1044,4/8/2026
"Nexus Hubbard Power, LLC","Exp U.S. Services, Inc.",163613,4/2/2026,5/6/2026,Apr 2026,Bill,Development : Engineering : Engineering Procore,"79,788.19 ","79,788.19 ",Paid In Full,,5/11/2026
"Nexus Data Centers, LLC",Duvera Consulting LLC,260303,4/3/2026,4/18/2026,Apr 2026,Bill,Corporate : Workforce,"29,000.00 ","29,000.00 ",Paid In Full,,5/4/2026
"Nexus Land Holdings, LLC",David Kaddatz,#INV-000154,4/4/2026,4/6/2026,Apr 2026,Bill,Infrastructure : Residential Improvements - Infra,"17,584.00 ","17,584.00 ",Paid In Full,HUB21 Hill reno final payment,4/15/2026
"Nexus Apex Holdings, LLC",AFCO Credit Corporation,1180688,4/4/2026,4/23/2026,Apr 2026,Bill,Corporate : Finance,"4,763,888.04 ","4,763,888.04 ",Paid In Full,,4/27/2026
Nexus Data Centers Hubbard LLC,Industrial Electrical Supply,25589,4/4/2026,5/4/2026,Apr 2026,Bill,Development : Asset Procurement : Asset Procurement Procore,"4,907,089.59 ","4,907,089.59 ",Paid In Full,Long Lead UPS,4/7/2026
Nexus Data Centers Hubbard LLC,Industrial Electrical Supply,25590,4/4/2026,5/4/2026,Apr 2026,Bill,Development : Asset Procurement : Asset Procurement Procore,"2,970,923.17 ","2,970,923.17 ",Paid In Full,LV Switchboards DH 1-4,4/7/2026
Nexus Data Centers Hubbard LLC,Industrial Electrical Supply,25591,4/4/2026,5/4/2026,Apr 2026,Bill,Development : Asset Procurement : Asset Procurement Procore,"831,433.24 ","831,433.24 ",Paid In Full,Long Lead Generators,4/7/2026
Nexus Data Centers Hubbard LLC,Industrial Electrical Supply,25592,4/4/2026,5/4/2026,Apr 2026,Bill,Development : Asset Procurement : Asset Procurement Procore,"3,989,888.95 ","3,989,888.95 ",Paid In Full,Busway & Plugs,4/7/2026
Nexus Data Centers Hubbard LLC,Industrial Electrical Supply,25593,4/4/2026,5/4/2026,Apr 2026,Bill,Development : Asset Procurement : Asset Procurement Procore,"9,533,524.50 ","9,533,524.50 ",Paid In Full,Busway ATS,4/7/2026
"Nexus Data Centers, LLC",Datasite LLC,INV-916100,4/5/2026,5/5/2026,Apr 2026,Bill,Corporate : Finance,"38,639.40 ","38,639.40 ",Paid In Full,March services,5/4/2026
"Nexus Data Centers, LLC",Oracle NetSuite,2450398,4/6/2026,5/6/2026,Apr 2026,Bill,Corporate : IT : Services / License,"14,913.33 ","14,913.33 ",Paid In Full,,5/26/2026
"Nexus Hubbard Power, LLC",Primoris Energy Service Corporation,43427-02,4/6/2026,5/6/2026,Apr 2026,Bill,Development : Construction : Construction Procore,"240,924.95 ","240,924.95 ",Paid In Full,LNTP 02-16-2026,5/8/2026
"Nexus Hubbard Power, LLC",Source Blue LLC,SBL-2026-001,4/6/2026,4/6/2026,Apr 2026,Bill,Development : Asset Procurement : Asset Procurement Procore,"30,773,859.10 ","30,773,859.10 ",Paid In Full,,4/29/2026
"Nexus Land Holdings, LLC",Frontier Waste Solutions,040726,4/7/2026,4/7/2026,Apr 2026,Bill,Infrastructure : Utilities - Infra,69.62 ,69.62 ,Paid In Full,Frontier April Payments,4/7/2026
"Nexus Hubbard Power, LLC","Exp U.S. Services, Inc.",163842,4/7/2026,6/18/2026,Apr 2026,Bill,Development : Engineering : Engineering Procore,"24,105.25 ","24,105.25 ",Paid In Full,"March 14, 2026 to March 27, 2026",6/23/2026
"Nexus Land Holdings, LLC",CT Hydroflo LLC,3287,4/7/2026,4/7/2026,Apr 2026,Bill,Infrastructure : Utilities - Infra,140.00 ,140.00 ,Paid In Full,,4/15/2026
Nexus Data Centers Hubbard LLC,Industrial Electrical Supply,25638,4/8/2026,5/8/2026,Apr 2026,Bill,Development : Asset Procurement : Asset Procurement Procore,"14,854,615.84 ","14,854,615.84 ",Paid In Full,LV Switchboards DH 1-4,4/17/2026
"Nexus Data Centers, LLC",Arcus Advisors LLC,3319,4/8/2026,4/8/2026,Apr 2026,Bill,Corporate : Accounting,"41,655.00 ","41,655.00 ",Paid In Full,Consulting General and ERP Late March and April Services,5/4/2026
"Nexus Land Holdings, LLC",Post Oak Special Utility District,344,4/8/2026,4/8/2026,Apr 2026,Bill,Infrastructure : Utilities - Infra,"3,167.61 ","3,167.61 ",Paid In Full,April meter services,4/21/2026
"Nexus Data Centers, LLC","SL2 Bowen Domain, LP - THE BOWEN",4826-0167,4/8/2026,4/8/2026,Apr 2026,Bill,Corporate : Workforce,"1,800.00 ","1,800.00 ",Paid In Full,,4/10/2026
"Nexus Apex Holdings, LLC",Tinsley Drilling & Company Inc,G702 - April Invoice,4/8/2026,5/8/2026,Apr 2026,Bill,Development : Construction : Construction Procore,"1,324,600.00 ","1,324,600.00 ",Paid In Full,Drilling Well,5/4/2026
"Nexus Land Holdings, LLC",Rachel Massey,1,4/9/2026,4/24/2026,Apr 2026,Bill,Infrastructure : Residential Improvements - Infra,225.00 ,225.00 ,Paid In Full,paid via check 1048,4/10/2026
Nexus Data Centers Hubbard LLC,CorePhase Enterprises LLC,2025-NEX-001-004,4/9/2026,4/25/2026,Apr 2026,Bill,Development : Project Management : Project Management Procore,"386,136.55 ","386,136.55 ",Paid In Full,March accrual,5/4/2026
"Nexus Hubbard Power, LLC","Industrial Project Innovation, LLC",Nexus-008,4/9/2026,5/9/2026,Apr 2026,Bill,Development : Project Management : Project Management Procore,"728,359.87 ","728,359.87 ",Paid In Full,March 2026 - Integration Support,5/11/2026
"Nexus Land Holdings, LLC",Champion Energy Services,04102026,4/10/2026,4/25/2026,Apr 2026,Bill,Infrastructure : Utilities - Infra,97.30 ,97.30 ,Paid In Full,Champion April Payment,4/10/2026
"Nexus Apex Holdings, LLC",EquipmentShare.com Inc,6761723-000,4/10/2026,5/10/2026,Apr 2026,Bill,Development : Asset Procurement : Asset Procurement Procore,"2,072,954.95 ","2,072,954.95 ",Paid In Full,50% down payment for IPMT and  Contractor Trailer Purchases,4/23/2026
"Nexus Land Holdings, LLC",Brian Stroud,818818,4/10/2026,4/25/2026,Apr 2026,Bill,Infrastructure : Site Services - Infra,450.00 ,450.00 ,Paid In Full,,5/4/2026
"Nexus Data Centers, LLC",Taylor Duma LLP,941364,4/11/2026,4/26/2026,Apr 2026,Bill,Corporate : Workforce,74.13 ,74.13 ,Paid In Full,,5/4/2026
"Nexus Land Holdings, LLC",Luisa V Savage,Re-Issue #1 & #2,4/12/2026,4/30/2026,Apr 2026,Bill,Infrastructure : Site Services - Infra,489.88 ,489.88 ,Paid In Full,SUT true up,5/4/2026
"Nexus Data Centers, LLC","May Business Co, LLC",02-1003,4/13/2026,4/30/2026,Apr 2026,Bill,Corporate : Workforce,"3,500.00 ","3,500.00 ",Paid In Full,April Services,5/4/2026
"Nexus Data Centers, LLC",Abdellah Kettani,04132026,4/13/2026,4/13/2026,Apr 2026,Bill,Corporate : Corporate,"1,040.00 ","1,040.00 ",Paid In Full,Town Car Services,4/13/2026
"Nexus Land Holdings, LLC","1212 Property Services, LLC",1002,4/13/2026,4/28/2026,Apr 2026,Bill,Infrastructure : Site Services - Infra,"3,700.00 ","3,700.00 ",Paid In Full,April Services,5/4/2026
"Nexus Data Centers, LLC",Butler Snow LLP,10522848,4/13/2026,4/13/2026,Apr 2026,Bill,Corporate : Legal,415.00 ,415.00 ,Paid In Full,March accrual,5/4/2026
"Nexus Data Centers, LLC",Arcus Advisors LLC,3331,4/13/2026,4/13/2026,Apr 2026,Bill,Corporate : Accounting,"7,082.50 ","7,082.50 ",Paid In Full,Jan services,5/4/2026
"Nexus Data Centers, LLC",Kirkland & Ellis LLP,1020038202,4/14/2026,4/14/2026,Apr 2026,Bill,Corporate : Legal,"24,384.28 ","24,384.28 ",Paid In Full,March services,5/4/2026
Nexus Data Centers Hubbard LLC,"Bluebeam, Inc.",2794546,4/14/2026,5/14/2026,Apr 2026,Bill,Corporate : IT : Services / License,820.82 ,820.82 ,Paid In Full,Software Licenses Ivan/Sam,5/15/2026
"Nexus Data Centers, LLC",Holland & Knight LLP,33920876,4/14/2026,4/14/2026,Apr 2026,Bill,Corporate : Legal,780.00 ,780.00 ,Paid In Full,,5/4/2026
"Nexus Land Holdings, LLC","Beckman and Associates, Consultants Inc.",369,4/14/2026,4/14/2026,Apr 2026,Bill,Infrastructure : Legal - Infra,"14,500.00 ","14,500.00 ",Paid In Full,,5/4/2026
"Nexus Hubbard Power, LLC",Honeywell International Inc.,5272680557,4/14/2026,5/14/2026,Apr 2026,Bill,Development : Asset Procurement : Asset Procurement Procore,"30,306,988.71 ","30,306,988.71 ",Paid In Full,Battery Energy Storage System 235MW/471MWh,5/14/2026
"Nexus Apex Holdings, LLC","Terracon Consultants, Inc.",TQ44628,4/14/2026,5/14/2026,Feb 2026,Bill,Development : Engineering : Engineering Procore,"185,449.00 ","185,449.00 ",Paid In Full,Services Through February (invoice date in NS = Procore submission),5/27/2026
"Nexus Apex Holdings, LLC","Terracon Consultants, Inc.",TQ57918,4/14/2026,5/14/2026,Jan 2026,Bill,Development : Engineering : Engineering Procore,"39,834.00 ","39,834.00 ",Paid In Full,Jan Service - SOW # 1 - Earth & Geotechnical work,5/27/2026
"Nexus Land Holdings, LLC",City of Hubbard,04152026,4/15/2026,4/15/2026,Apr 2026,Bill,Infrastructure : Utilities - Infra,349.92 ,349.92 ,Paid In Full,City of Hubbard April,4/15/2026
"Nexus Data Centers, LLC",DocuSign,111100665054,4/15/2026,5/15/2026,Apr 2026,Bill,Corporate : IT : Services / License,"12,626.74 ","12,626.74 ",Paid In Full,Prepaid subscription - 14-Apr-26 to 13- Apr-27,5/15/2026
"Nexus Land Holdings, LLC",HUBBARD FARM AND RANCH LLC,12189,4/15/2026,4/15/2026,Apr 2026,Bill,Infrastructure : Residential Improvements - Infra,"3,376.59 ","3,376.59 ",Paid In Full,Paid via check 1049,4/15/2026
"Nexus Data Centers, LLC",Datamation Technologies,4793,4/15/2026,4/28/2026,Apr 2026,Bill,Corporate : IT : Services / License,"21,276.07 ","21,276.07 ",Paid In Full,Hardware purchases,5/4/2026
"Nexus Data Centers, LLC",Datamation Technologies,4794,4/15/2026,4/28/2026,Apr 2026,Bill,Corporate : IT : Assets,"6,565.36 ","6,565.36 ",Paid In Full,Hardware purchases,5/4/2026
"Nexus Data Centers, LLC",Datamation Technologies,4795,4/15/2026,5/7/2026,Apr 2026,Bill,Corporate : IT : Assets,"3,846.12 ","3,846.12 ",Paid In Full,Hardware purchases,5/15/2026
"Nexus Hubbard Power, LLC",Everllence USA INC,6803582,4/15/2026,4/29/2026,Apr 2026,Bill,Development : Asset Procurement : Asset Procurement Procore,"4,780,486.63 ","4,780,486.63 ",Paid In Full,Equipment Supply Contract  5306425- body of contract (9/26/2025) - 13 units and change order,5/1/2026
"Nexus Data Centers, LLC",Marsh USA LLC,801028193496,4/15/2026,,Apr 2026,Bill,Operations : Insurance,"21,258.00 ","21,258.00 ",Paid In Full,,5/14/2026
"Nexus Data Centers, LLC",Simplify Compliance LLC (datacenterHawk),93715,4/15/2026,5/15/2026,Apr 2026,Bill,Corporate : IT : Services / License,"39,175.50 ","39,175.50 ",Paid In Full,Annual License - 05/26 - 04/27,5/19/2026
"Nexus Land Holdings, LLC",Matthew Salley,MS41526,4/15/2026,4/30/2026,Apr 2026,Bill,Corporate : Marketing / Branding,600.00 ,600.00 ,Paid In Full,Paid via Check 1056,5/5/2026
"Nexus Land Holdings, LLC",Navasota Valley Electric (Auto Pay),04162026,4/16/2026,4/16/2026,Apr 2026,Bill,Infrastructure : Utilities - Infra,471.82 ,471.82 ,Paid In Full,Navasota Valley April Payments,4/16/2026
"Nexus Land Holdings, LLC",TXU Energy (AutoPay),041626-1,4/16/2026,4/16/2026,Apr 2026,Bill,Infrastructure : Utilities - Infra,16.79 ,16.79 ,Paid In Full,TXU April Payments,4/16/2026
"Nexus Hubbard Power, LLC",Primoris Energy Service Corporation,43427-03,4/16/2026,5/16/2026,Apr 2026,Bill,Development : Construction : Construction Procore,"1,800,000.00 ","1,800,000.00 ",Paid In Full,LNTP 02-16-2026,5/15/2026
"Nexus Land Holdings, LLC",Luisa V Savage,Bill #4,4/16/2026,4/30/2026,Apr 2026,Bill,Infrastructure : Site Services - Infra,880.88 ,880.88 ,Paid In Full,April Services,5/4/2026
"Nexus Land Holdings, LLC",Frontier Waste Solutions,041726,4/17/2026,4/17/2026,Apr 2026,Bill,Infrastructure : Utilities - Infra,374.78 ,374.78 ,Paid In Full,Frontier April Payments,4/17/2026
"Nexus Land Holdings, LLC",Rachel Massey,2,4/17/2026,5/2/2026,Apr 2026,Bill,Infrastructure : Residential Improvements - Infra,360.00 ,360.00 ,Paid In Full,paid via check 1051,4/17/2026
"Nexus Land Holdings, LLC",ROCKIN' B SURVEY,2026-214,4/17/2026,4/17/2026,Apr 2026,Bill,Infrastructure : Acquisition costs - Infra,"2,294.90 ","2,294.90 ",Paid In Full,HUB-41 land,5/4/2026
"Nexus Land Holdings, LLC",Kerry Johnson,3 - 4-17-26,4/17/2026,5/2/2026,Apr 2026,Bill,Infrastructure : Residential Improvements - Infra,210.00 ,210.00 ,Paid In Full,Paid via check 1050,4/17/2026
"Nexus Land Holdings, LLC",Post Oak Special Utility District,767147,4/17/2026,4/17/2026,Apr 2026,Bill,Infrastructure : Utilities - Infra,550.00 ,550.00 ,Paid In Full,Paid Check 1037 & 1038,4/17/2026
"Nexus Land Holdings, LLC",Post Oak Special Utility District,767148,4/17/2026,4/17/2026,Apr 2026,Bill,Infrastructure : Utilities - Infra,550.00 ,550.00 ,Paid In Full,Paid via check 1046 & 1047,4/17/2026
"Nexus Data Centers, LLC",Marsh USA LLC,801021682824,4/17/2026,4/17/2026,Apr 2026,Bill,Operations : Insurance,"2,192.21 ","2,192.21 ",Paid In Full,Period is 4/9/26 to 4/9/27 below prepaid limit,5/11/2026
"Nexus Land Holdings, LLC",Brian Stroud,818819,4/17/2026,5/2/2026,Apr 2026,Bill,Infrastructure : Site Services - Infra,"1,916.57 ","1,916.57 ",Paid In Full,,5/4/2026
"Nexus Data Centers, LLC",Business Branders LLC,9927,4/17/2026,5/17/2026,Apr 2026,Bill,Corporate : Marketing / Branding,"2,682.93 ","2,682.93 ",Paid In Full,,5/4/2026
"Nexus Land Holdings, LLC",Brian Stroud,818820,4/20/2026,4/20/2026,Apr 2026,Bill,Infrastructure : Site Services - Infra,532.87 ,532.87 ,Paid In Full,Paid via check 1054,4/28/2026
"Nexus Land Holdings, LLC",Frontier Waste Solutions,04212026,4/21/2026,4/21/2026,Apr 2026,Bill,Infrastructure : Utilities - Infra,416.71 ,416.71 ,Paid In Full,Frontier April Payments,4/21/2026
"Nexus Land Holdings, LLC",American Craftsmen,2281,4/21/2026,4/21/2026,Apr 2026,Bill,Infrastructure : Residential Improvements - Infra,"3,964.79 ","3,964.79 ",Paid In Full,HUB-01,5/4/2026
"Nexus Land Holdings, LLC",American Craftsmen,2286,4/21/2026,4/21/2026,Apr 2026,Bill,Infrastructure : Residential Improvements - Infra,"8,382.74 ","8,382.74 ",Paid In Full,HUB-10 Repairs,5/4/2026
"Nexus Land Holdings, LLC",American Craftsmen,2298,4/21/2026,4/21/2026,Apr 2026,Bill,Infrastructure : Residential Improvements - Infra,"8,551.99 ","8,551.99 ",Paid In Full,,5/4/2026
Nexus Data Centers Hubbard LLC,EUTAW Construction Company Inc.,26011-03-REV1,4/21/2026,5/21/2026,Apr 2026,Bill,Development : Construction : Construction Procore,"15,928,200.13 ","15,928,200.13 ",Paid In Full,For Work completed Through 3/31/26 (invoice date = Procore submission date),5/22/2026
"Nexus Land Holdings, LLC","Roger A. Soape, Inc.",4781,4/21/2026,4/21/2026,Apr 2026,Bill,Infrastructure : Legal - Infra,"19,780.07 ","19,780.07 ",Paid In Full,February Service,5/4/2026
Nexus Data Centers Hubbard LLC,Industrial Electrical Supply,25793,4/22/2026,5/22/2026,Apr 2026,Bill,Development : Asset Procurement : Asset Procurement Procore,"4,194,549.00 ","4,194,549.00 ",Paid In Full,UPS units -  30% Pmt for commencement of physical fabrication,5/22/2026
Nexus Data Centers Hubbard LLC,Industrial Electrical Supply,25800,4/22/2026,5/22/2026,Apr 2026,Bill,Development : Asset Procurement : Asset Procurement Procore,"172,386.52 ","172,386.52 ",Paid In Full,Additional ATS,4/29/2026
"Nexus Data Centers, LLC",Arcus Advisors LLC,3339,4/22/2026,4/22/2026,Apr 2026,Bill,Corporate : Accounting,"51,390.00 ","51,390.00 ",Paid In Full,Consulting General and ERP - April Services,5/4/2026
"Nexus Data Centers, LLC","PA Consulting Group, Inc.",0000010860,4/23/2026,4/23/2026,Apr 2026,Bill,Corporate : Finance,"75,000.00 ","75,000.00 ",Paid In Full,Downpayment,5/11/2026
"Nexus Apex Holdings, LLC",Liberty Mutual Insurance Company,04202600,4/23/2026,5/23/2026,Apr 2026,Bill,Development : Insurance,"2,014,794.00 ","2,014,794.00 ",Paid In Full,Cash Collateral,4/24/2026
"Nexus Land Holdings, LLC",Rachel Massey,3,4/24/2026,5/9/2026,Apr 2026,Bill,Infrastructure : Site Services - Infra,540.00 ,540.00 ,Paid In Full,Paid via check 1053,4/24/2026
"Nexus Hubbard Power, LLC",Primoris Energy Service Corporation,43427-04,4/24/2026,5/24/2026,Apr 2026,Bill,Development : Construction : Construction Procore,"701,408.79 ","701,408.79 ",Paid In Full,LNTP 02-16-2026,5/22/2026
"Nexus Data Centers, LLC","Michael Hoops, Attorney at Law, PLLC",9,4/26/2026,5/26/2026,Apr 2026,Bill,Corporate : Legal,"2,058.73 ","2,058.73 ",Paid In Full,,5/26/2026
"Nexus Land Holdings, LLC",Serna Serrvices,#18510,4/27/2026,5/1/2026,Apr 2026,Bill,Infrastructure : Site Services - Infra,"3,034.29 ","3,034.29 ",Paid In Full,,5/11/2026
"Nexus Apex Holdings, LLC",Promoveo Group LLC,0330,4/27/2026,,Apr 2026,Bill,Development : Consulting : Consulting Gen,"89,150.00 ","89,150.00 ",Paid In Full,April services,5/15/2026
"Nexus Land Holdings, LLC",Earnest Richardson,1,4/27/2026,5/12/2026,Apr 2026,Bill,Infrastructure : Residential Improvements - Infra,903.00 ,903.00 ,Paid In Full,Paid via check 1055,4/30/2026
"Nexus Data Centers, LLC",PwC US Tax LLP,208A 162646,4/27/2026,5/27/2026,Apr 2026,Bill,Corporate : Accounting,"10,000.00 ","10,000.00 ",Paid In Full,Feb Professional Fees and Expenses,5/15/2026
"Nexus Data Centers, LLC","Ultera, llc",461,4/27/2026,5/12/2026,Apr 2026,Bill,Corporate : Workforce,"50,000.00 ","50,000.00 ",Paid In Full,Recruiting fees for start-up staffing,5/15/2026
"Nexus Data Centers, LLC","Ultera, llc",462,4/27/2026,5/12/2026,Apr 2026,Bill,Corporate : Workforce,"24,000.00 ","24,000.00 ",Paid In Full,Recruiting fees for start-up staffing,5/15/2026
"Nexus Data Centers, LLC","Ultera, llc",463,4/27/2026,5/12/2026,Apr 2026,Bill,Corporate : Workforce,"24,000.00 ","24,000.00 ",Paid In Full,Recruiting fees for start-up staffing,5/15/2026
"Nexus Land Holdings, LLC",Brian Stroud,818821,4/27/2026,5/12/2026,Apr 2026,Bill,Infrastructure : Site Services - Infra,"10,624.27 ","10,624.27 ",Paid In Full,,5/15/2026
"Nexus Land Holdings, LLC","AirGas USA, LLC",9171441159,4/27/2026,5/27/2026,Apr 2026,Bill,Infrastructure : Site Services - Infra,116.05 ,116.05 ,Paid In Full,,5/27/2026
"Nexus Data Centers, LLC",ETAP,0097748-IN,4/28/2026,5/28/2026,Apr 2026,Bill,Corporate : IT : Services / License,"48,307.65 ","48,307.65 ",Paid In Full,ETAP Subscription  from 05/01/26 to 05/01/27,5/28/2026
"Nexus Data Centers, LLC",Marcela M Resenos,1,4/28/2026,5/15/2026,Apr 2026,Bill,Corporate : Workforce,"13,500.00 ","13,500.00 ",Paid In Full,April services,5/15/2026
"Nexus Land Holdings, LLC",Post Oak Special Utility District,121HCR3379,4/28/2026,5/16/2026,Apr 2026,Bill,Infrastructure : Utilities - Infra,340.26 ,340.26 ,Paid In Full,,5/15/2026
"Nexus Land Holdings, LLC",City of Hubbard,17523462-CH-042826,4/28/2026,5/15/2026,Apr 2026,Bill,Infrastructure : Utilities - Infra,64.01 ,64.01 ,Paid In Full,3/22/26 - 4/21/26,5/15/2026
"Nexus Land Holdings, LLC",City of Hubbard,17524121-CH-042826,4/28/2026,5/15/2026,Apr 2026,Bill,Infrastructure : Utilities - Infra,220.26 ,220.26 ,Paid In Full,3/22/26 - 4/21/26,5/15/2026
Nexus Data Centers Hubbard LLC,Industrial Electrical Supply,25858,4/28/2026,5/28/2026,Apr 2026,Bill,Development : Asset Procurement : Asset Procurement Procore,"4,907,089.59 ","4,907,089.59 ",Paid In Full,Progress payment,5/28/2026
Nexus Data Centers Hubbard LLC,Industrial Electrical Supply,25860,4/28/2026,5/28/2026,Apr 2026,Bill,Development : Asset Procurement : Asset Procurement Procore,"11,720,400.00 ","11,720,400.00 ",Paid In Full,"Progress payment-April invoice, received in May",5/28/2026
"Nexus Apex Holdings, LLC","Terracon Consultants, Inc.",TQ68264,4/28/2026,5/28/2026,Feb 2026,Bill,Development : Engineering : Engineering Procore,"9,995.00 ","9,995.00 ",Paid In Full,Feb Services SOW # 1 - Earth & Geotechnical work,5/27/2026
"Nexus Land Holdings, LLC",Love and Thunder Apiary LLC,#000006,4/29/2026,4/29/2026,Apr 2026,Bill,Infrastructure : Site Services - Infra,"5,118.10 ","5,118.10 ",Paid In Full,,5/15/2026
"Nexus Apex Holdings, LLC","EXP Energy Services, Inc.",03202610,4/29/2026,5/29/2026,Apr 2026,Bill,Development : Regulatory : Regulatory Procore,"2,040.50 ","2,040.50 ",Paid In Full,"February 28, 2026 - March 27, 2026",5/29/2026
"Nexus Apex Holdings, LLC",EquipmentShare.com Inc,INV-189392,4/29/2026,5/29/2026,Apr 2026,Bill,Development : Asset Procurement : Asset Procurement Procore,"143,851.39 ","143,851.39 ",Paid In Full,Services 2/12/26 - 4/14/26,5/29/2026
Nexus Alpha I LLC,Marsh USA LLC,112854425473,4/30/2026,7/30/2026,Apr 2026,Bill,Operations : Insurance,"5,301,500.00 ","5,301,500.00 ",Paid In Full,OPPI 2nd Installment,7/31/2026
"Nexus Apex Holdings, LLC",Marsh USA LLC,112857793054,4/30/2026,12/1/2026,Apr 2026,Bill,Operations : Insurance,"1,677,500.00 ",0.00 ,Open,OPPI 3rd Installment,
"Nexus Apex Holdings, LLC",Marsh USA LLC,112859646943,4/30/2026,6/8/2026,Apr 2026,Bill,Operations : Insurance,"1,391,746.45 ","1,391,746.45 ",Paid In Full,OPPI 1st Installment,6/10/2026
"Nexus Land Holdings, LLC","Trapp Law Firm, PC",1153,4/30/2026,5/30/2026,Apr 2026,Bill,Infrastructure : Legal - Infra,"31,905.00 ","31,905.00 ",Paid In Full,April services,5/29/2026
"Nexus Data Centers, LLC","Trapp Law Firm, PC",1155,4/30/2026,5/30/2026,Apr 2026,Bill,Infrastructure : Acquisition costs - Infra,"10,620.00 ","10,620.00 ",Paid In Full,Bastion Land Legal see JE1503 for adjustment to fixed asset,5/28/2026
Nexus Bastion Holdings LLC,"Trapp Law Firm, PC",1155NA,4/30/2026,5/30/2026,Apr 2026,Bill,Infrastructure : Legal - Infra,"10,620.00 ",0.00 ,Rejected,April services,
"Nexus Land Holdings, LLC",Post Oak Special Utility District,153HCR3371,4/30/2026,5/16/2026,Apr 2026,Bill,Infrastructure : Utilities - Infra,"2,033.46 ","2,033.46 ",Paid In Full,,5/15/2026
"Nexus Apex Holdings, LLC",Allied Universal Security Service,18454901,4/30/2026,5/30/2026,Apr 2026,Bill,Operations : O&M : O&M Procore,"14,533.91 ","14,533.91 ",Paid In Full,Billing : 3/27 - 4/30,7/10/2026
"Nexus Data Centers, LLC",PwC US Tax LLP,208A 170871,4/30/2026,5/30/2026,Apr 2026,Bill,Corporate : Accounting,"54,830.00 ","54,830.00 ",Paid In Full,March Professional Fees and Expenses,5/28/2026
"Nexus Land Holdings, LLC",Post Oak Special Utility District,379HCR3379,4/30/2026,4/30/2026,Apr 2026,Bill,Infrastructure : Utilities - Infra,408.77 ,408.77 ,Paid In Full,,5/15/2026
"Nexus Land Holdings, LLC",Post Oak Special Utility District,440SH171,4/30/2026,5/16/2026,Apr 2026,Bill,Infrastructure : Utilities - Infra,389.11 ,389.11 ,Paid In Full,,5/15/2026
"Nexus Land Holdings, LLC","AirGas USA, LLC",5524509259,4/30/2026,5/30/2026,Apr 2026,Bill,Infrastructure : Utilities - Infra,7.94 ,7.94 ,Paid In Full,,5/27/2026
"Nexus Land Holdings, LLC",Post Oak Special Utility District,568SH171,4/30/2026,5/16/2026,Apr 2026,Bill,Infrastructure : Utilities - Infra,969.43 ,969.43 ,Paid In Full,,5/15/2026
"Nexus Hubbard Power, LLC",NAES Corporation,CONS-000004127,4/30/2026,5/30/2026,Apr 2026,Bill,Operations : O&M : O&M Procore,"71,649.75 ","71,649.75 ",Paid In Full,,5/29/2026
"Nexus Data Centers, LLC",wework,202600001593,5/1/2026,5/1/2026,May 2026,Bill,Corporate : HQ / Office,"11,880.00 ","11,880.00 ",Paid In Full,May Austin Rent,5/13/2026
Nexus Data Centers Hubbard LLC,"Bluebeam, Inc.",2821749,5/1/2026,5/31/2026,May 2026,Bill,Corporate : IT : Services / License,703.56 ,703.56 ,Paid In Full,"Blue Beam Licenses - Allan Jacobs, Conner Rivard",5/28/2026
"Nexus Land Holdings, LLC",ONPOINT Transactions LLC,3845,5/1/2026,5/1/2026,May 2026,Bill,Infrastructure : Acquisition costs - Infra,"13,000.00 ","13,000.00 ",Paid In Full,April Apex,5/11/2026
"Nexus Data Centers, LLC",ONPOINT Transactions LLC,3846,5/1/2026,5/1/2026,May 2026,Bill,Infrastructure : Acquisition costs - Infra,"4,500.00 ","4,500.00 ",Paid In Full,April Services for LandCo paid by TopCo,5/15/2026
Nexus Bastion Holdings LLC,ONPOINT Transactions LLC,3846NA,5/1/2026,5/1/2026,May 2026,Bill,Infrastructure : Acquisition costs - Infra,"4,500.00 ",0.00 ,Rejected,,
"Nexus Apex Holdings, LLC",Post Oak Special Utility District,4709283200-05012026,5/1/2026,5/16/2026,May 2026,Bill,Operations : Utilities : Utilities Procore,"10,647.69 ","10,647.69 ",Paid In Full,3/16/26 - 4/28/26,5/15/2026
"Nexus Apex Holdings, LLC",Post Oak Special Utility District,4709284000-05012026,5/1/2026,5/16/2026,May 2026,Bill,Operations : Utilities : Utilities Procore,"8,572.00 ","8,572.00 ",Paid In Full,3/16/26 - 4/28/26,5/15/2026
"Nexus Apex Holdings, LLC",Post Oak Special Utility District,4709776479,5/1/2026,5/16/2026,May 2026,Bill,Operations : Utilities : Utilities Procore,"6,915.00 ","6,915.00 ",Paid In Full,3/25/26 - 4/28/26,5/15/2026
"Nexus Data Centers, LLC",Regus Corporation,7970-1424,5/1/2026,5/15/2026,May 2026,Bill,Corporate : HQ / Office,"17,995.96 ","17,995.96 ",Paid In Full,June Rent,7/16/2026
Nexus Data Centers Hubbard LLC,Kwant,2026-068R,5/2/2026,6/3/2026,May 2026,Bill,Development : Asset Procurement : Asset Procurement Procore,"17,635.72 ","17,635.72 ",Paid In Full,Site Security May-June,8/6/2026
"Nexus Land Holdings, LLC",Serna Serrvices,#18516,5/4/2026,5/4/2026,May 2026,Bill,Infrastructure : Site Services - Infra,"1,062.50 ","1,062.50 ",Paid In Full,,5/11/2026
"Nexus Land Holdings, LLC",TXU Energy (AutoPay),05/04/26,5/4/2026,5/4/2026,May 2026,Bill,Infrastructure : Utilities - Infra,"1,288.22 ","1,288.22 ",Paid In Full,May Payments,5/4/2026
"Nexus Apex Holdings, LLC",AFCO Credit Corporation,1180688-05042026,5/4/2026,5/23/2026,May 2026,Bill,Corporate : Finance,"4,763,888.04 ","4,763,888.04 ",Paid In Full,,5/28/2026
"Nexus Data Centers, LLC",Datamation Technologies,4797,5/4/2026,5/14/2026,May 2026,Bill,Corporate : IT : Assets,"7,302.55 ","7,302.55 ",Paid In Full,Hardware purchases,5/15/2026
"Nexus Data Centers, LLC",Datamation Technologies,4798,5/4/2026,5/14/2026,May 2026,Bill,Corporate : IT : Assets,"3,464.00 ","3,464.00 ",Paid In Full,Hardware purchases,5/15/2026
"Nexus Data Centers, LLC",Datamation Technologies,4799,5/4/2026,5/14/2026,May 2026,Bill,Corporate : IT : Assets,"4,622.28 ","4,622.28 ",Paid In Full,Hardware purchases,5/15/2026
"Nexus Data Centers, LLC",Datamation Technologies,4800,5/4/2026,5/14/2026,May 2026,Bill,Corporate : IT : Assets,996.79 ,996.79 ,Paid In Full,Hardware purchases,5/15/2026
"Nexus Data Centers, LLC",Datamation Technologies,4801,5/4/2026,5/14/2026,May 2026,Bill,Corporate : IT : Assets,"25,170.58 ","25,170.58 ",Paid In Full,Hardware purchases,5/15/2026
"Nexus Data Centers, LLC",Datamation Technologies,4802,5/4/2026,5/14/2026,May 2026,Bill,Corporate : IT : Services / License,"22,831.25 ","22,831.25 ",Paid In Full,"Managed IT Services (M365, General IT, Project Services)",5/15/2026
"Nexus Data Centers, LLC",Datamation Technologies,4803,5/4/2026,5/14/2026,May 2026,Bill,Corporate : IT : Services / License,"25,243.75 ","25,243.75 ",Paid In Full,"Managed IT Services (M365, General IT, Project Services)",5/15/2026
"Nexus Hubbard Power, LLC",Source Blue LLC,SBL-2026-002,5/4/2026,6/4/2026,Apr 2026,Bill,Development : Asset Procurement : Asset Procurement Procore,"47,402,466.46 ","47,402,466.46 ",Paid In Full,,6/4/2026
"Nexus Land Holdings, LLC",Luisa V Savage,#5,5/5/2026,5/5/2026,May 2026,Bill,Infrastructure : Site Services - Infra,"2,222.10 ","2,222.10 ",Paid In Full,Invoice # 5 April 15- April 30 2026,5/11/2026
"Nexus Hubbard Power, LLC","Exp U.S. Services, Inc.",164565,5/5/2026,6/5/2026,May 2026,Bill,Development : Engineering : Engineering Procore,"534,676.67 ","534,676.67 ",Paid In Full,"Professional Services Through April 24, 2026",6/5/2026
"Nexus Land Holdings, LLC",Champion Energy Services,Champion-05/05/26,5/5/2026,5/20/2026,May 2026,Bill,Infrastructure : Utilities - Infra,219.67 ,219.67 ,Paid In Full,May Payments,5/5/2026
"Nexus Data Centers, LLC",Datasite LLC,INV-927381,5/5/2026,6/4/2026,May 2026,Bill,Corporate : Finance,"66,412.26 ","66,412.26 ",Paid In Full,01-Apr-26 to 30-Apr-26,6/5/2026
"Nexus Land Holdings, LLC",Love and Thunder Apiary LLC,#000007,5/6/2026,5/21/2026,May 2026,Bill,Infrastructure : Site Services - Infra,703.62 ,703.62 ,Paid In Full,,5/15/2026
Nexus Data Centers Hubbard LLC,"HDR Engineering, Inc.",1200820821,5/6/2026,6/5/2026,Mar 2026,Bill,Development : Engineering : Engineering Procore,"250,000.00 ","250,000.00 ",Paid In Full,mobilization payment - From:   25-Mar-2026 To:   25-Mar-2026,6/5/2026
"Nexus Hubbard Power, LLC",Creatum Solar LLC,260422_001,5/6/2026,6/7/2026,Apr 2026,Bill,Development : Asset Procurement : Asset Procurement Procore,"322,725.00 ","322,725.00 ",Paid In Full,April Services,5/29/2026
"Nexus Data Centers, LLC",Duvera Consulting LLC,260502,5/6/2026,5/21/2026,May 2026,Bill,Corporate : Workforce,"33,000.00 ","33,000.00 ",Paid In Full,,5/15/2026
"Nexus Data Centers, LLC",Arcus Advisors LLC,3365,5/6/2026,5/6/2026,May 2026,Bill,Corporate : Workforce,"46,332.50 ","46,332.50 ",Paid In Full,Consulting General and ERP April 6th  to Dec,7/24/2026
"Nexus Land Holdings, LLC",HUBBARD FARM AND RANCH LLC,1010,5/7/2026,5/7/2026,May 2026,Bill,Infrastructure : Site Services - Infra,"2,140.00 ","2,140.00 ",Paid In Full,,5/15/2026
Nexus Data Centers Hubbard LLC,"HDR Engineering, Inc.",1200808012,5/7/2026,6/6/2026,Feb 2026,Bill,Development : Engineering : Engineering Procore,"1,052,433.70 ","1,052,433.70 ",Paid In Full,From: 24-Jan-2026 To: 21-Feb-2026,6/5/2026
"Nexus Data Centers, LLC",wework,202600001696,5/7/2026,5/7/2026,May 2026,Bill,Corporate : HQ / Office,"1,770.00 ","1,770.00 ",Paid In Full,Service Retainer - Office 134,5/13/2026
"Nexus Data Centers, LLC",wework,202600001697,5/7/2026,5/7/2026,May 2026,Bill,Corporate : HQ / Office,"1,427.42 ","1,427.42 ",Paid In Full,May Austin Rent,5/13/2026
"Nexus Data Centers, LLC","SPT LNR Property TRS, LLC",35336303-0000,5/7/2026,5/12/2026,May 2026,Bill,Corporate : Corporate,"20,000.00 ","20,000.00 ",Paid In Full,,5/12/2026
"Nexus Data Centers, LLC",Texas Elite Graphics & Signs,41737,5/7/2026,6/6/2026,May 2026,Bill,Corporate : Marketing / Branding,112.58 ,112.58 ,Paid In Full,,6/5/2026
"Nexus Data Centers, LLC",Texas Elite Graphics & Signs,41738,5/7/2026,6/6/2026,May 2026,Bill,Corporate : Marketing / Branding,80.42 ,80.42 ,Paid In Full,,6/5/2026
"Nexus Data Centers, LLC",Datamation Technologies,4796,5/7/2026,5/17/2026,May 2026,Bill,Corporate : IT : Assets,"8,834.28 ","8,834.28 ",Paid In Full,Hardware purchases,5/15/2026
"Nexus Land Holdings, LLC","Roger A. Soape, Inc.",4806,5/7/2026,5/7/2026,May 2026,Bill,Infrastructure : Legal - Infra,"3,000.00 ","3,000.00 ",Paid In Full,April services,5/15/2026
"Nexus Land Holdings, LLC",Earnest Richardson,853,5/7/2026,5/7/2026,May 2026,Bill,Infrastructure : Site Services - Infra,"5,350.00 ","5,350.00 ",Paid In Full,paid via check 1058,5/7/2026
Nexus Data Centers Hubbard LLC,Carrier Corporation,910226258,5/7/2026,8/1/2026,May 2026,Bill,Development : Construction : Construction Procore,"180,034.16 ","180,034.16 ",Paid In Full,30% PO value,7/30/2026
Nexus Data Centers Hubbard LLC,Carrier Corporation,910364903,5/7/2026,8/1/2026,May 2026,Bill,Development : Construction : Construction Procore,"19,597,361.29 ","19,597,361.29 ",Paid In Full,"30% cost of 4 RTUs, 72 ACCs and 40 DOAS",7/30/2026
"Nexus Land Holdings, LLC",Frontier Waste Solutions,Frontier 5-7-26,5/7/2026,5/7/2026,May 2026,Bill,Infrastructure : Utilities - Infra,"2,858.12 ","2,858.12 ",Paid In Full,May Payments,5/7/2026
"Nexus Data Centers, LLC",Alice Allen Events,INV-00158,5/7/2026,5/7/2026,May 2026,Bill,Corporate : Marketing / Branding,"7,500.00 ","7,500.00 ",Paid In Full,Investor Day - Event Planning,5/26/2026
Nexus Data Centers Hubbard LLC,Institute of Electrical and Electronics Engineers,SF1-19481613335,5/7/2026,6/6/2026,May 2026,Bill,Corporate : IT : Services / License,"12,124.00 ","12,124.00 ",Paid In Full,"May 11, 2026 - May 10, 2027",6/12/2026
"Nexus Land Holdings, LLC",HUBBARD FARM AND RANCH LLC,12934,5/8/2026,5/8/2026,May 2026,Bill,Infrastructure : Site Services - Infra,87.27 ,87.27 ,Paid In Full,,5/27/2026
"Nexus Data Centers, LLC",wework,202600001716,5/8/2026,5/8/2026,May 2026,Bill,Corporate : HQ / Office,"11,580.00 ","11,580.00 ",Paid In Full,Deposit for WeWork Office 03A139,5/13/2026
"Nexus Data Centers, LLC",wework,202600001717,5/8/2026,5/8/2026,May 2026,Bill,Corporate : HQ / Office,"2,593.54 ","2,593.54 ",Paid In Full,May Austin Rent (new offices),5/13/2026
"Nexus Apex Holdings, LLC",Michels Construction inc,21265103,5/8/2026,5/27/2026,May 2026,Bill,Development : Fiber : Fiber Procore,"111,978.75 ","111,978.75 ",Paid In Full,Job 25215103 Fiber Carrier Engagement & OSP Fiber Network Design to Project Apex,5/29/2026
"Nexus Land Holdings, LLC",Rachel Massey,5,5/8/2026,5/23/2026,May 2026,Bill,Infrastructure : Residential Improvements - Infra,960.00 ,960.00 ,Paid In Full,Paid via check 1061,5/12/2026
"Nexus Data Centers, LLC",Signature Aspen,INV129603,5/8/2026,5/8/2026,May 2026,Bill,Corporate : Marketing / Branding,705.61 ,705.61 ,Paid In Full,,5/15/2026
Nexus Data Centers Hubbard LLC,CorePhase Enterprises LLC,2025-NEX-001-005,5/9/2026,5/25/2026,Apr 2026,Bill,Development : Project Management : Project Management Procore,"677,503.93 ","677,503.93 ",Paid In Full,03.28.2026 – 04.30.2026,5/28/2026
Nexus Data Centers Hubbard LLC,"HDR Engineering, Inc.",1200817036,5/11/2026,6/10/2026,Mar 2026,Bill,Development : Engineering : Engineering Procore,"1,632,933.10 ","1,632,933.10 ",Paid In Full,Professional services From: 22-Feb-2026 To: 28-Mar-2026,6/3/2026
"Nexus Data Centers, LLC",American Airlines Center,147363,5/11/2026,5/11/2026,May 2026,Bill,Corporate : Corporate,"202,500.00 ","202,500.00 ",Paid In Full,,5/12/2026
"Nexus Land Holdings, LLC",Uline,207911381,5/11/2026,6/11/2026,May 2026,Bill,Infrastructure : Site Services - Infra,"1,291.12 ","1,291.12 ",Paid In Full,Office supplies for Infra team,6/5/2026
"Nexus Data Centers, LLC","Ultera, llc",561,5/11/2026,5/26/2026,May 2026,Bill,Corporate : Workforce,"26,000.00 ","26,000.00 ",Paid In Full,,5/26/2026
"Nexus Land Holdings, LLC",Earnest Richardson,854,5/11/2026,5/25/2026,May 2026,Bill,Infrastructure : Residential Improvements - Infra,"3,337.00 ","3,337.00 ",Paid In Full,Paid via check 1063 vendor name per check registry,5/15/2026
"Nexus Data Centers, LLC","WHR Group, Inc.",INVND260005-1,5/11/2026,,May 2026,Bill,Corporate : Workforce,"150,000.00 ","150,000.00 ",Paid In Full,,5/12/2026
"Nexus Data Centers, LLC",Matthew C McDaniel,MCM-2026-001,5/11/2026,5/11/2026,May 2026,Bill,Corporate : Accounting,"21,791.79 ","21,791.79 ",Paid In Full,"April 23, 2026 – May 8, 2026",5/26/2026
"Nexus Data Centers, LLC",EY,US01U002159985,5/11/2026,5/11/2026,May 2026,Bill,Corporate : Accounting,"50,750.00 ","50,750.00 ",Paid In Full,,6/23/2026
"Nexus Data Centers, LLC",Venara LLC,VEN-002,5/11/2026,5/26/2026,May 2026,Bill,Corporate : Workforce,"50,000.00 ","50,000.00 ",Paid In Full,Recruitment Fee - Insurance Manager,5/26/2026
"Nexus Data Centers, LLC","May Business Co, LLC",02-1004,5/12/2026,5/29/2026,May 2026,Bill,Corporate : Workforce,"3,500.00 ","3,500.00 ",Paid In Full,,5/28/2026
"Nexus Land Holdings, LLC",HUBBARD FARM AND RANCH LLC,1015,5/12/2026,5/12/2026,May 2026,Bill,Infrastructure : Site Services - Infra,600.00 ,600.00 ,Paid In Full,,5/15/2026
Nexus Data Centers Hubbard LLC,CorePhase Enterprises LLC,2026-SOASA-001-01-R1,5/12/2026,6/1/2026,May 2026,Bill,Development : Project Management : Project Management Procore,"7,500,000.00 ","7,500,000.00 ",Paid In Full,First Installment Payment,6/4/2026
Nexus Data Centers Hubbard LLC,CorePhase Enterprises LLC,2026-SOASA-001-01-R2,5/12/2026,6/30/2026,May 2026,Bill,Development : Project Management : Project Management Procore,"22,500,000.00 ","22,500,000.00 ",Paid In Full,Final Payment,7/30/2026
"Nexus Hubbard Power, LLC",Primoris Energy Service Corporation,50259001-5,5/12/2026,6/11/2026,May 2026,Bill,Development : Construction : Construction Procore,"5,383,459.12 ","5,383,459.12 ",Paid In Full,Contract: 50259-001,6/11/2026
"Nexus Land Holdings, LLC",Champion Energy Services,Champion-05/12/26,5/12/2026,5/27/2026,May 2026,Bill,Infrastructure : Utilities - Infra,94.17 ,94.17 ,Paid In Full,May Payments,5/12/2026
"Nexus Apex Holdings, LLC","Terracon Consultants, Inc.",TQ67078,5/12/2026,6/11/2026,Apr 2026,Bill,Development : Engineering : Engineering Procore,"70,500.00 ","70,500.00 ",Paid In Full,Period for 3/29/26 - 5/1/26,6/11/2026
"Nexus Apex Holdings, LLC",Tellepsen Builders LP,Tellpsen - 03/2026,5/12/2026,,May 2026,Bill,Development : Construction : Construction Procore,"2,440,264.82 ","2,440,264.82 ",Paid In Full,"Mobilization of Batch Plant - LNTP 1/30/26, executed contract 3/25/26",5/12/2026
"Nexus Data Centers, LLC",Rise Furniture Procurement,00000022,5/13/2026,5/13/2026,May 2026,Bill,Corporate : HQ / Office,"15,000.00 ","15,000.00 ",Paid In Full,Furniture Selection & Specification,5/15/2026
"Nexus Data Centers, LLC",Butler Snow LLP,10526992,5/13/2026,5/14/2026,May 2026,Bill,Corporate : Legal,"2,241.00 ","2,241.00 ",Paid In Full,April Accrual,5/15/2026
"Nexus Apex Holdings, LLC","Orrick, Herrington & Sutcliffe LLP",2370947,5/13/2026,5/13/2026,May 2026,Bill,Corporate : Finance,"130,000.00 ","130,000.00 ",Paid In Full,Professional services related to the $20mm Tranche A upsize,5/15/2026
"Nexus Apex Holdings, LLC",Marsh USA LLC,801027571588,5/13/2026,6/29/2026,May 2026,Bill,Operations : Insurance,"193,218.89 ","193,218.89 ",Paid In Full,Cargo,6/26/2026
"Nexus Data Centers, LLC",Business Branders LLC,9961,5/13/2026,6/12/2026,May 2026,Bill,Corporate : Marketing / Branding,"2,906.37 ","2,906.37 ",Paid In Full,May - Branded Apparel,6/12/2026
"Nexus Data Centers, LLC",Business Branders LLC,9962,5/13/2026,6/12/2026,May 2026,Bill,Corporate : Marketing / Branding,"3,114.62 ","3,114.62 ",Paid In Full,May - Branded,6/12/2026
"Nexus Data Centers, LLC",Business Branders LLC,9963,5/13/2026,6/12/2026,May 2026,Bill,Corporate : Marketing / Branding,"3,562.25 ","3,562.25 ",Paid In Full,May - Branded Apparel,6/12/2026
"Nexus Hubbard Power, LLC","Haynes and Boone, LLP",21763798,5/14/2026,,May 2026,Bill,Corporate : Legal,"12,748.00 ","12,748.00 ",Paid In Full,Legal fees move to Apex,6/12/2026
Nexus Data Centers Hubbard LLC,EUTAW Construction Company Inc.,26011-04,5/14/2026,6/13/2026,May 2026,Bill,Development : Construction : Construction Procore,"14,554,111.51 ","14,554,111.51 ",Paid In Full,Work completed through 4/30/26,6/22/2026
Nexus Data Centers Hubbard LLC,"Bluebeam, Inc.",2843933,5/14/2026,6/13/2026,May 2026,Bill,Corporate : IT : Services / License,"1,407.12 ","1,407.12 ",Paid In Full,"Licenses – Sahib Ali, Amro Alhourani, John Lee, Nick Jones",6/12/2026
"Nexus Data Centers, LLC",Texas Elite Graphics & Signs,41772,5/14/2026,6/13/2026,May 2026,Bill,Corporate : Marketing / Branding,151.55 ,151.55 ,Paid In Full,May - Marketing Signage,6/12/2026
"Nexus Land Holdings, LLC",TXU Energy (AutoPay),5/14/26,5/14/2026,5/14/2026,May 2026,Bill,Infrastructure : Utilities - Infra,35.10 ,35.10 ,Paid In Full,May Payments,5/14/2026
"Nexus Apex Holdings, LLC",Promoveo Group LLC,0515,5/15/2026,5/15/2026,May 2026,Bill,Development : Consulting : Consulting Gen,"37,350.00 ","37,350.00 ",Paid In Full,,6/5/2026
"Nexus Land Holdings, LLC","1212 Property Services, LLC",1006,5/15/2026,5/30/2026,May 2026,Bill,Infrastructure : Site Services - Infra,"1,751.50 ","1,751.50 ",Paid In Full,May services,5/29/2026
"Nexus Apex Holdings, LLC",Texas Mutual Insurance,1008093824,5/15/2026,6/6/2026,May 2026,Bill,Development : Insurance,"28,306.00 ","28,306.00 ",Paid In Full,"Initial Premium, Installment Down Payment",6/5/2026
"Nexus Data Centers, LLC",Ruca LLC,3161,5/15/2026,6/14/2026,May 2026,Bill,Corporate : Marketing / Branding,"12,210.00 ","12,210.00 ",Paid In Full,Website Design and Development (Pre-bill),6/12/2026
"Nexus Hubbard Power, LLC","Industrial Project Innovation, LLC",Nexus-009,5/15/2026,6/14/2026,May 2026,Bill,Development : Project Management : Project Management Procore,"1,117,347.87 ","1,117,347.87 ",Paid In Full,April 2026 - Integration Support,6/12/2026
"Nexus Apex Holdings, LLC","EXP Energy Services, Inc.",04202612,5/18/2026,5/18/2026,May 2026,Bill,Development : Regulatory : Regulatory Procore,"10,075.25 ","10,075.25 ",Paid In Full,"March 28 - April 24, received in May",5/29/2026
Nexus Data Centers Hubbard LLC,"HDR Engineering, Inc.",1200817791,5/18/2026,6/17/2026,Mar 2026,Bill,Development : Engineering : Engineering Procore,"207,454.67 ","207,454.67 ",Paid In Full,22-FEB-2026 To: 28-MAR-2026 (Inv date = Procore Submission),6/12/2026
"Nexus Apex Holdings, LLC",ERM,399902,5/18/2026,6/18/2026,May 2026,Bill,Corporate : Finance,"61,847.80 ","61,847.80 ",Paid In Full,"Professional Services rendered through May 02, 2026",6/23/2026
"Nexus Data Centers, LLC",Texas Elite Graphics & Signs,41775,5/18/2026,6/17/2026,May 2026,Bill,Corporate : Marketing / Branding,"6,711.50 ","6,711.50 ",Paid In Full,Marketing Signage,6/12/2026
"Nexus Apex Holdings, LLC",Tellepsen Builders LP,50684,5/18/2026,6/8/2026,May 2026,Bill,Development : Construction : Construction Procore,"4,644,520.12 ","4,644,520.12 ",Paid In Full,"April Invoice - Mobilization of Batch Plant - LNTP 1/30/26, executed contract 3/25/26",6/5/2026
"Nexus Land Holdings, LLC",Navasota Valley Electric (Auto Pay),Nav05/18/26,5/18/2026,5/18/2026,May 2026,Bill,Infrastructure : Utilities - Infra,224.53 ,224.53 ,Paid In Full,May Payments,5/18/2026
"Nexus Apex Holdings, LLC","UMB Bank, N.A.",1049016,5/19/2026,5/19/2026,May 2026,Bill,Corporate : Finance,"6,500.00 ","6,500.00 ",Paid In Full,"April 1, 2026 through March 31, 2027",5/29/2026
"Nexus Data Centers, LLC","UMB Bank, N.A.",1049016NA,5/19/2026,5/19/2026,May 2026,Bill,Corporate : Finance,"6,500.00 ",0.00 ,Rejected,"April 1, 2026 through March 31, 2027",
"Nexus Apex Holdings, LLC",HUBBARD FARM AND RANCH LLC,13301,5/19/2026,6/6/2026,May 2026,Bill,Infrastructure : Site Services - Infra,"2,165.00 ","2,165.00 ",Paid In Full,NEXUS ALPHA BORROWER LLC,5/27/2026
Nexus Data Centers Hubbard LLC,Industrial Electrical Supply,26100,5/19/2026,6/19/2026,May 2026,Bill,Development : Asset Procurement : Asset Procurement Procore,"9,533,524.50 ","9,533,524.50 ",Paid In Full,May invoice - 30% progress payment,6/22/2026
Nexus Data Centers Hubbard LLC,Industrial Electrical Supply,26101,5/19/2026,5/29/2026,May 2026,Bill,Development : Asset Procurement : Asset Procurement Procore,"6,510,829.51 ","6,510,829.51 ",Paid In Full,IES - Long Lead Electrical - HB2 Bus,5/28/2026
"Nexus Data Centers, LLC","SPT LNR Property TRS, LLC",35336303-9030,5/19/2026,5/19/2026,May 2026,Bill,Corporate : Corporate,"20,000.00 ","20,000.00 ",Paid In Full,,5/20/2026
"Nexus Land Holdings, LLC",Rachel Massey,6,5/19/2026,6/1/2026,May 2026,Bill,Infrastructure : Residential Improvements - Infra,"1,320.00 ","1,320.00 ",Paid In Full,paid via check 1065,5/20/2026
"Nexus Hubbard Power, LLC",Everllence USA INC,6803644,5/19/2026,6/2/2026,May 2026,Bill,Development : Asset Procurement : Asset Procurement Procore,"458,896.00 ","458,896.00 ",Paid In Full,Equipment Supply Contract  5306425- body of contract (9/26/2025) - 13 units and change order,5/29/2026
"Nexus Land Holdings, LLC",Luisa V Savage,#6,5/20/2026,5/22/2026,May 2026,Bill,Infrastructure : Site Services - Infra,"1,668.94 ","1,668.94 ",Paid In Full,May services,5/27/2026
"Nexus Data Centers, LLC",Rise Furniture Procurement,00000023,5/20/2026,5/20/2026,May 2026,Bill,Corporate : HQ / Office,"330,000.00 ","330,000.00 ",Paid In Full,Furniture Purchasing Services,5/26/2026
"Nexus Land Holdings, LLC",HUBBARD FARM AND RANCH LLC,1020,5/20/2026,5/20/2026,May 2026,Bill,Infrastructure : Site Services - Infra,"1,080.00 ","1,080.00 ",Paid In Full,May 2026,5/29/2026
"Nexus Apex Holdings, LLC",WR Utilities & Excavation,1113,5/20/2026,5/22/2026,May 2026,Bill,Operations : Utilities : Utilities Procore,"500,000.00 ","500,000.00 ",Paid In Full,Mobilization Payment for Construction of Berm for Site,5/22/2026
"Nexus Land Holdings, LLC",HUBBARD FARM AND RANCH LLC,13321,5/20/2026,5/20/2026,May 2026,Bill,Infrastructure : Site Services - Infra,60.04 ,60.04 ,Paid In Full,,5/27/2026
"Nexus Land Holdings, LLC",HUBBARD FARM AND RANCH LLC,13323,5/20/2026,5/20/2026,May 2026,Bill,Infrastructure : Site Services - Infra,16.23 ,16.23 ,Paid In Full,,5/27/2026
"Nexus Land Holdings, LLC",HUBBARD FARM AND RANCH LLC,13325,5/20/2026,5/20/2026,May 2026,Bill,Infrastructure : Site Services - Infra,43.50 ,43.50 ,Paid In Full,,5/27/2026
"Nexus Data Centers, LLC",PwC US Tax LLP,208A 187860,5/20/2026,6/19/2026,May 2026,Bill,Corporate : Accounting,"45,583.00 ","45,583.00 ",Paid In Full,"April 1, 2026 through April 30, 2026",6/23/2026
"Nexus Data Centers, LLC",Datamation Technologies,4812,5/20/2026,5/30/2026,May 2026,Bill,Corporate : IT : Assets,"4,163.30 ","4,163.30 ",Paid In Full,May,5/28/2026
"Nexus Land Holdings, LLC","Roger A. Soape, Inc.",4862rev,5/20/2026,5/20/2026,May 2026,Bill,Infrastructure : Legal - Infra,"10,052.68 ","10,052.68 ",Paid In Full,61430 General & Administrative : Personnel & SG&A : Contractors and Professional Services : Professional Fees - Other,5/29/2026
Nexus Data Centers Hubbard LLC,W.G. Yates & Sons Construction Company,5302601-02,5/20/2026,6/4/2026,Apr 2026,Bill,Development : Construction : Construction Procore,"19,438,143.29 ","18,209,114.82 ",Paid In Full,April Services,5/29/2026
"Nexus Data Centers, LLC",Business Branders LLC,9975,5/20/2026,6/19/2026,May 2026,Bill,Corporate : Marketing / Branding,"2,421.71 ","2,421.71 ",Paid In Full,Various branded items - May,6/23/2026
"Nexus Apex Holdings, LLC",EquipmentShare.com Inc,EQS INV 189392-04-26-08,5/20/2026,6/19/2026,May 2026,Bill,Development : Asset Procurement : Asset Procurement Procore,"407,578.23 ","407,578.23 ",Paid In Full,Equipment Rentals - March-May,6/23/2026
"Nexus Data Centers, LLC",Duvera Consulting LLC,260504,5/21/2026,6/5/2026,May 2026,Bill,Corporate : Workforce,"66,000.00 ","66,000.00 ",Paid In Full,Recruiting fees for start up staffing,6/5/2026
"Nexus Hubbard Power, LLC",Creatum Solar LLC,260521_001,5/21/2026,6/20/2026,May 2026,Bill,Development : Asset Procurement : Asset Procurement Procore,"185,202.50 ","185,202.50 ",Paid In Full,"Professional Services Agreement Contract Signed on February, 11th 2026",6/23/2026
"Nexus Data Centers, LLC",Arcus Advisors LLC,3388,5/21/2026,5/21/2026,May 2026,Bill,Corporate : Accounting,"57,700.00 ","57,700.00 ",Paid In Full,Consulting General and ERP April 6th  to Dec,7/24/2026
"Nexus Apex Holdings, LLC",Black & Veatch,6717676,5/21/2026,6/20/2026,May 2026,Bill,Corporate : Finance,"46,000.00 ","46,000.00 ",Paid In Full,,6/23/2026
"Nexus Apex Holdings, LLC",EquipmentShare.com Inc,6937902-002,5/21/2026,6/20/2026,May 2026,Bill,Development : Asset Procurement : Asset Procurement Procore,"268,474.07 ","268,474.07 ",Paid In Full,"First down payment invoice for BZI Triple Wide 6937902,  Medical Double Wide 6937922,  Safety Single  Wide 6937940 to start production of units",6/23/2026
"Nexus Land Holdings, LLC",Earnest Richardson,900,5/21/2026,6/2/2026,May 2026,Bill,Infrastructure : Residential Improvements - Infra,"3,500.00 ","3,500.00 ",Paid In Full,Paid via check 1066,5/21/2026
Nexus Data Centers Hubbard LLC,Carrier Corporation,910364753,5/21/2026,8/1/2026,May 2026,Bill,Development : Construction : Construction Procore,"15,915,900.00 ","15,915,900.00 ",Paid In Full,30% Milestone - 70 Mobile Chillers,7/30/2026
Nexus Data Centers Hubbard LLC,Building Zones Industries (BZI),BZI-5040-1 R1,5/21/2026,6/11/2026,May 2026,Bill,Development : Asset Procurement : Asset Procurement Procore,"1,244,875.00 ","1,244,875.00 ",Paid In Full,PERIOD: 03/01/26 - 03/31/26,6/5/2026
"Nexus Apex Holdings, LLC",Tinsley Drilling & Company Inc,G702-TIN-2,5/21/2026,6/20/2026,May 2026,Bill,Development : Construction : Construction Procore,"2,510,450.00 ","2,510,450.00 ",Paid In Full,DRILLING PHASE INVOICE,6/23/2026
"Nexus Hubbard Power, LLC",WTG Gas Transmission,LNTP#2,5/21/2026,5/21/2026,May 2026,Bill,Operations : Gas : Gas Gen,"10,918,520.00 ","10,918,520.00 ",Paid In Full,Phase??,5/21/2026
"Nexus Hubbard Power, LLC","Industrial Project Innovation, LLC",Nexus-010,5/21/2026,6/20/2026,May 2026,Bill,Development : Project Management : Project Management Procore,"1,100,000.00 ","1,100,000.00 ",Paid In Full,May 2026 - Pre-Bill,6/23/2026
"Nexus Apex Holdings, LLC",Audio Video Solutions Texas LLC,1112,5/22/2026,5/22/2026,May 2026,Bill,Development : Asset Procurement : Asset Procurement Procore,"13,449.99 ","13,449.99 ",Paid In Full,75% of Proposal Total - Due Upon Proposal Acceptance,6/5/2026
Nexus Data Centers Hubbard LLC,CorePhase Enterprises LLC,2025-NEX-001-006,5/22/2026,6/1/2026,May 2026,Bill,Development : Project Management : Project Management Procore,"2,661,097.00 ","2,661,097.00 ",Paid In Full,Base Fee pmt 1,6/5/2026
"Nexus Land Holdings, LLC",American Craftsmen,2313,5/22/2026,5/22/2026,May 2026,Bill,Infrastructure : Residential Improvements - Infra,"6,021.80 ","6,021.80 ",Paid In Full,HUB-20 labor and materials 7/23/26,6/12/2026
"Nexus Land Holdings, LLC",American Craftsmen,2314,5/22/2026,5/22/2026,May 2026,Bill,Infrastructure : Residential Improvements - Infra,"3,252.25 ","3,252.25 ",Paid In Full,Supply band install,6/12/2026
"Nexus Hubbard Power, LLC",Creatum Solar LLC,260522_002,5/22/2026,6/21/2026,May 2026,Bill,Development : Asset Procurement : Asset Procurement Procore,"900,000.00 ","900,000.00 ",Paid In Full,30% Milestone payment for Control Building,6/23/2026
"Nexus Data Centers, LLC",Texas Elite Graphics & Signs,41821,5/22/2026,6/21/2026,May 2026,Bill,Corporate : Marketing / Branding,649.50 ,649.50 ,Paid In Full,May,6/23/2026
Nexus Data Centers Hubbard LLC,Industrial Electrical Supply,26149,5/25/2026,6/24/2026,May 2026,Bill,Development : Asset Procurement : Asset Procurement Procore,"16,854,247.08 ","16,854,247.08 ",Paid In Full,"Change Order covering PO’s 1006, 1007, 1010, and 1013",6/25/2026
"Nexus Land Holdings, LLC",Texas Golf Karts,40412,5/25/2026,6/24/2026,May 2026,Bill,Corporate : Marketing / Branding,"1,614.38 ","1,614.38 ",Paid In Full,"HUBBARD RODEO  MAY 22ND-24TH, 2026",6/26/2026
"Nexus Land Holdings, LLC",Love and Thunder Apiary LLC,000010,5/26/2026,5/26/2026,May 2026,Bill,Infrastructure : Site Services - Infra,562.90 ,562.90 ,Paid In Full,May service,5/29/2026
"Nexus Land Holdings, LLC",Love and Thunder Apiary LLC,000011,5/26/2026,6/10/2026,May 2026,Bill,Infrastructure : Site Services - Infra,"3,474.82 ","3,474.82 ",Paid In Full,"Service date May 8, 2026",6/5/2026
"Nexus Data Centers, LLC",Marcela M Resenos,2,5/26/2026,6/15/2026,May 2026,Bill,Corporate : Corporate,"10,500.00 ","10,500.00 ",Paid In Full,May,6/12/2026
"Nexus Data Centers, LLC",Holland & Knight LLP,33951605,5/26/2026,5/26/2026,May 2026,Bill,Corporate : Legal,"1,462.50 ","1,462.50 ",Paid In Full,April services,5/28/2026
"Nexus Data Centers, LLC","Ultera, llc",562,5/26/2026,6/10/2026,May 2026,Bill,Corporate : Workforce,"41,000.00 ","41,000.00 ",Paid In Full,Recruiting fees for start-up staffing,6/5/2026
"Nexus Land Holdings, LLC",Earnest Richardson,900-2,5/26/2026,6/9/2026,May 2026,Bill,Infrastructure : Residential Improvements - Infra,"4,450.00 ","4,450.00 ",Paid In Full,paid via check 1079,6/3/2026
"Nexus Data Centers, LLC",Venara LLC,VEN-003,5/26/2026,6/10/2026,May 2026,Bill,Corporate : Workforce,"55,000.00 ","55,000.00 ",Paid In Full,May,6/5/2026
"Nexus Hubbard Power, LLC","Exp U.S. Services, Inc.",165167,5/27/2026,7/3/2026,May 2026,Bill,Development : Engineering : Engineering Procore,"66,187.65 ","66,187.65 ",Paid In Full,Nexus High Voltage Conceptual Design,7/6/2026
"Nexus Hubbard Power, LLC","Exp U.S. Services, Inc.",165168,5/27/2026,7/3/2026,May 2026,Bill,Development : Engineering : Engineering Procore,"44,924.00 ","44,924.00 ",Paid In Full,Nexus OHL Detail Design,7/6/2026
"Nexus Data Centers, LLC",wework,202600001873,5/27/2026,5/27/2026,May 2026,Bill,Corporate : HQ / Office,"3,170.00 ","3,170.00 ",Paid In Full,Member Service Retainer for Office 03A144,5/29/2026
"Nexus Data Centers, LLC",wework,202600001874,5/27/2026,5/27/2026,May 2026,Bill,Corporate : HQ / Office,409.03 ,409.03 ,Paid In Full,Membership fee  5/28 - 5/31,5/29/2026
"Nexus Apex Holdings, LLC",Total Office Solutions,20742,5/27/2026,5/27/2026,May 2026,Bill,Development : Project Management : Project Management Procore,"402,606.65 ","402,606.65 ",Paid In Full,50% deposit for site office furniture to be ordered,6/4/2026
Nexus Data Centers Hubbard LLC,Industrial Electrical Supply,26180,5/27/2026,6/26/2026,May 2026,Bill,Development : Asset Procurement : Asset Procurement Procore,"3,989,888.95 ","3,989,888.95 ",Paid In Full,Progress Payment,6/26/2026
"Nexus Apex Holdings, LLC",Global Foodcraft,27211,5/27/2026,6/27/2026,May 2026,Bill,Development : Construction : Construction Gen,"102,695.95 ","102,695.95 ",Paid In Full,Safety Lunch,6/26/2026
"Nexus Data Centers, LLC",Datamation Technologies,4813,5/27/2026,6/6/2026,May 2026,Bill,Corporate : IT : Assets,"25,820.08 ","25,820.08 ",Paid In Full,May,6/5/2026
"Nexus Data Centers, LLC",NextWave Partners USA Inc,CINV2661-000011,5/27/2026,6/26/2026,May 2026,Bill,Corporate : Workforce,"46,000.00 ","46,000.00 ",Paid In Full,May invoice - recruiting fees,6/26/2026
"Nexus Data Centers, LLC",NextWave Partners USA Inc,CINV2661-000012,5/27/2026,6/26/2026,May 2026,Bill,Corporate : Workforce,"40,000.00 ","40,000.00 ",Paid In Full,May invoice - recruiting fees,6/26/2026
Nexus Data Centers Hubbard LLC,"HDR Engineering, Inc.",1200327173,5/28/2026,6/27/2026,Apr 2026,Bill,Development : Engineering : Engineering Procore,"1,158,658.80 ","1,158,658.80 ",Paid In Full,16-Apr-2026 To:    2-May-2026,6/26/2026
Nexus Data Centers Hubbard LLC,"HDR Engineering, Inc.",1200827169,5/28/2026,6/27/2026,Apr 2026,Bill,Development : Engineering : Engineering Procore,"5,496.84 ","5,496.84 ",Paid In Full,From: 29-MAR-2026 To: 02-MAY-2026,6/26/2026
Nexus Data Centers Hubbard LLC,"HDR Engineering, Inc.",1200827174,5/28/2026,6/27/2026,Apr 2026,Bill,Development : Engineering : Engineering Procore,"353,606.80 ","353,606.80 ",Paid In Full,26-Mar-2026 To:   2-May-2026,6/26/2026
Nexus Data Centers Hubbard LLC,"HDR Engineering, Inc.",1200827176,5/28/2026,6/27/2026,May 2026,Bill,Development : Engineering : Engineering Procore,"1,082,296.80 ","1,082,296.80 ",Paid In Full,Services 9-Mar-2026 To:   2-May-2026,6/26/2026
"Nexus Apex Holdings, LLC",Allied Universal Security Service,18549646,5/28/2026,6/27/2026,May 2026,Bill,Operations : O&M : O&M Procore,"122,756.42 ","122,756.42 ",Paid In Full,5/1 - 5/28,7/10/2026
"Nexus Hubbard Power, LLC",Source Blue LLC,SBL-2026-03,5/28/2026,6/27/2026,May 2026,Bill,Development : Project Management : Project Management Procore,"95,870,077.16 ","95,870,077.16 ",Paid In Full,May Billing,6/26/2026
"Nexus Data Centers, LLC",Robert Havlick,2026-05-001,5/29/2026,6/13/2026,May 2026,Bill,Corporate : Workforce,"14,674.54 ","14,674.54 ",Paid In Full,5/11/26 - 5/31/26,6/23/2026
"Nexus Apex Holdings, LLC",Global Foodcraft,27251,5/29/2026,6/29/2026,May 2026,Bill,Development : Site Services : Site Services Gen,"22,189.21 ","22,189.21 ",Paid In Full,Tent Rental Extension,6/26/2026
"Nexus Data Centers, LLC",Ruca LLC,3179,5/29/2026,6/28/2026,May 2026,Bill,Corporate : Marketing / Branding,"5,000.00 ","5,000.00 ",Paid In Full,Website Design and Developmen,6/26/2026
"Nexus Data Centers, LLC","SPT LNR Property TRS, LLC",35336303-9030-2,5/29/2026,5/29/2026,May 2026,Bill,Corporate : Marketing / Branding,"99,850.00 ","99,850.00 ",Paid In Full,full cancellation amount,7/31/2026
"Nexus Apex Holdings, LLC",Commonwealth Land Title Insurance Company,400991NA,5/29/2026,5/29/2026,May 2026,Bill,Corporate : Finance,"1,233,504.60 ","1,233,504.60 ",Paid In Full,Loan Policy Coverage docs,6/1/2026
"Nexus Data Centers, LLC",Houston Limo Chauffeur LLC,659,5/29/2026,5/29/2026,May 2026,Bill,Corporate : Corporate,"1,424.27 ","1,424.27 ",Paid In Full,Executives Car Services,6/5/2026
"Nexus Data Centers, LLC",Capitol Corporate Services,9703550,5/29/2026,5/29/2026,May 2026,Bill,Corporate : Legal,"3,315.02 ","3,315.02 ",Paid In Full,Registered Agent Services 04/26-03/27,6/26/2026
"Nexus Land Holdings, LLC",Post Oak Special Utility District,PostOak052026,5/29/2026,5/29/2026,May 2026,Bill,Infrastructure : Utilities - Infra,553.18 ,553.18 ,Paid In Full,May 2026,6/12/2026
"Nexus Land Holdings, LLC",Love and Thunder Apiary LLC,000012,5/31/2026,6/1/2026,May 2026,Bill,Infrastructure : Site Services - Infra,468.14 ,468.14 ,Paid In Full,"Service date May 28, 2026",6/5/2026
"Nexus Land Holdings, LLC",Love and Thunder Apiary LLC,000015,5/31/2026,6/3/2026,May 2026,Bill,Infrastructure : Site Services - Infra,520.16 ,520.16 ,Paid In Full,"Service date June 3, 2026",6/5/2026
"Nexus Data Centers, LLC",Heart of Texas Cowgirls,06/18/2026,5/31/2026,6/18/2026,May 2026,Bill,Corporate : Marketing / Branding,"4,000.00 ","4,000.00 ",Paid In Full,Investor Day,6/26/2026
"Nexus Land Holdings, LLC","1212 Property Services, LLC",1008,5/31/2026,6/15/2026,May 2026,Bill,Infrastructure : Site Services - Infra,"3,503.00 ","3,503.00 ",Paid In Full,Lawn care,6/12/2026
"Nexus Land Holdings, LLC","Trapp Law Firm, PC",1173,5/31/2026,6/30/2026,May 2026,Bill,Infrastructure : Acquisition costs - Infra,"14,917.50 ","14,917.50 ",Paid In Full,May - Land Acquisition - Legal Fees,7/6/2026
Nexus Bastion Holdings LLC,"Trapp Law Firm, PC",1176,5/31/2026,6/30/2026,May 2026,Bill,Infrastructure : Acquisition costs - Infra,"5,377.50 ","5,377.50 ",Paid In Full,May invoice - Bastion LandCo - see JE1482 for adj,7/6/2026
"Nexus Data Centers, LLC","Michael Hoops, Attorney at Law, PLLC",253,5/31/2026,6/30/2026,May 2026,Bill,Corporate : Legal,"3,500.00 ","3,500.00 ",Paid In Full,Michael Hoops - Flat Rate,7/6/2026
"Nexus Land Holdings, LLC",Luisa V Savage,7,5/31/2026,6/30/2026,May 2026,Bill,Infrastructure : Site Services - Infra,"2,633.16 ","2,633.16 ",Paid In Full,,6/12/2026
"Nexus Data Centers, LLC",Business Branders LLC,9990,5/31/2026,6/30/2026,May 2026,Bill,Corporate : Marketing / Branding,"9,338.47 ","9,338.47 ",Paid In Full,Various Branded Items - May,7/6/2026
"Nexus Hubbard Power, LLC",NAES Corporation,NAES-IN000037823,5/31/2026,6/30/2026,May 2026,Bill,Operations : O&M : O&M Procore,"56,731.25 ","56,731.25 ",Paid In Full,O&M: March - April,6/26/2026
"Nexus Land Holdings, LLC",HUBBARD FARM AND RANCH LLC,13733,6/1/2026,6/1/2026,Jun 2026,Bill,Infrastructure : Site Services - Infra,24.84 ,24.84 ,Paid In Full,HUBBARD FARM AND RANCH Purchases,6/5/2026
"Nexus Apex Holdings, LLC",Post Oak Special Utility District,1709284000.6.1.2026,6/1/2026,6/16/2026,Jun 2026,Bill,Operations : Utilities : Utilities Gen,"8,547.00 ","8,547.00 ",Paid In Full,Commercial From 4/28/2026 T? 5/29/2026,6/11/2026
"Nexus Apex Holdings, LLC",Post Oak Special Utility District,1709776179.6.1.2026,6/1/2026,6/16/2026,Jun 2026,Bill,Operations : Utilities : Utilities Gen,"6,890.00 ","6,890.00 ",Paid In Full,[Commercial] From 4/28/2026 TO 5/29/2026,6/11/2026
"Nexus Data Centers, LLC",wework,202600002079,6/1/2026,6/1/2026,Jun 2026,Bill,Corporate : HQ / Office,"25,627.86 ","25,627.86 ",Paid In Full,June Rent,6/3/2026
"Nexus Land Holdings, LLC",ONPOINT Transactions LLC,3936,6/1/2026,6/1/2026,Jun 2026,Bill,Infrastructure : Acquisition costs - Infra,"3,500.00 ","3,500.00 ",Paid In Full,Apex - May 2026,6/5/2026
"Nexus Data Centers, LLC",ONPOINT Transactions LLC,3937,6/1/2026,6/1/2026,Jun 2026,Bill,Infrastructure : Acquisition costs - Infra,"1,432.08 ","1,432.08 ",Paid In Full,Travel Expenses - May 2026,6/26/2026
"Nexus Data Centers, LLC",ONPOINT Transactions LLC,3938,6/1/2026,6/1/2026,Jun 2026,Bill,Infrastructure : Acquisition costs - Infra,"7,000.00 ","7,000.00 ",Paid In Full,Nexus Bastion LandCo - May 2026 see JE1481 for reclass to Bastion,6/5/2026
"Nexus Apex Holdings, LLC",Post Oak Special Utility District,4709283200.6.1.12026,6/1/2026,6/16/2026,Jun 2026,Bill,Operations : Utilities : Utilities Gen,"8,447.00 ","8,447.00 ",Paid In Full,From 4/28/2026 TO 5/29/2026,6/11/2026
"Nexus Hubbard Power, LLC",Primoris Energy Service Corporation,50259001-6,6/1/2026,7/1/2026,Jun 2026,Bill,Development : Construction : Construction Procore,"5,389,252.96 ","5,389,252.96 ",Paid In Full,Contract 50259-001,7/1/2026
"Nexus Apex Holdings, LLC",Tellepsen Builders LP,50842,6/1/2026,7/1/2026,Jun 2026,Bill,Development : Construction : Construction Procore,"149,250.06 ","149,250.06 ",Paid In Full,"Mobilization of Batch Plant - LNTP 1/30/26, executed contract 3/25/26",6/26/2026
"Nexus Data Centers, LLC","Ultera, llc",661,6/1/2026,6/16/2026,Jun 2026,Bill,Corporate : Workforce,"60,000.00 ","60,000.00 ",Paid In Full,Recruitment Fees for Staffing,6/12/2026
"Nexus Data Centers, LLC",Regus Corporation,7970-1562,6/1/2026,6/15/2026,Jun 2026,Bill,Corporate : HQ / Office,"6,342.22 ","6,342.22 ",Paid In Full,Monthly Charges,6/15/2026
"Nexus Land Holdings, LLC",Earnest Richardson,85326,6/1/2026,6/5/2026,Jun 2026,Bill,Infrastructure : Residential Improvements - Infra,"2,271.00 ","2,271.00 ",Paid In Full,Paid via check 1091,6/5/2026
Nexus Data Centers Hubbard LLC,Carrier Corporation,910043656,6/1/2026,6/5/2026,Jun 2026,Bill,Development : Construction : Construction Procore,"12,025,553.19 ","12,025,553.19 ",Paid In Full,AIR-COOLEDCHILLERS(ACCs) 10%POaccepte,6/23/2026
Nexus Data Centers Hubbard LLC,Carrier Corporation,910043659,6/1/2026,6/5/2026,Jun 2026,Bill,Development : Construction : Construction Procore,"24,051,106.38 ","24,051,106.38 ",Paid In Full,AIR-COOLEDCHILLERS(ACCs) 20%SupplierPurchasingStarts,6/23/2026
Nexus Data Centers Hubbard LLC,Carrier Corporation,910043660,6/1/2026,6/5/2026,Jun 2026,Bill,Development : Construction : Construction Procore,"68,665.38 ","68,665.38 ",Paid In Full,Line 2-3 : 10% PO accepted,6/23/2026
Nexus Data Centers Hubbard LLC,Carrier Corporation,910043661,6/1/2026,6/5/2026,Jun 2026,Bill,Development : Construction : Construction Procore,"137,330.76 ","137,330.76 ",Paid In Full,20% Supplier Purchasing Starts,6/23/2026
Nexus Data Centers Hubbard LLC,Carrier Corporation,910043663,6/1/2026,6/5/2026,Jun 2026,Bill,Development : Construction : Construction Procore,"1,050,000.00 ","1,050,000.00 ",Paid In Full,Master Agreement for QuantumLeap,7/9/2026
"Nexus Data Centers, LLC","Netgain Solutions, Inc.",INV13810,6/1/2026,7/1/2026,Jun 2026,Bill,Corporate : Accounting,"1,212.58 ","1,212.58 ",Paid In Full,NetAsset for NetSuite NetAsset for Netsuite annual license and support fees.,7/10/2026
"Nexus Data Centers, LLC",Venara LLC,VEN-004,6/1/2026,6/16/2026,Jun 2026,Bill,Corporate : Workforce,"30,752.71 ","30,752.71 ",Paid In Full,Venara Recruitment Management Fee (June) & Expenses,6/12/2026
"Nexus Data Centers, LLC",Venara LLC,VEN-005,6/1/2026,6/16/2026,Jun 2026,Bill,Corporate : Workforce,"47,000.00 ","47,000.00 ",Paid In Full,Recruitment Fee - Subcontracts Manager,6/12/2026
"Nexus Apex Holdings, LLC","PA Consulting Group, Inc.",0000011016,6/2/2026,7/2/2026,Jun 2026,Bill,Corporate : Finance,"70,000.00 ","70,000.00 ",Paid In Full,IE Report (May 2026 Invoice),6/26/2026
Nexus Alpha I LLC,Liberty Mutual Insurance Company,000423,6/2/2026,7/1/2026,Jun 2026,Bill,Development : Insurance,888.00 ,0.00 ,Open,Workers Compensation,
"Nexus Land Holdings, LLC",HUBBARD FARM AND RANCH LLC,13780,6/2/2026,6/2/2026,Jun 2026,Bill,Infrastructure : Site Services - Infra,13.04 ,13.04 ,Paid In Full,SNAKE-A-WAY 1.75LB,6/5/2026
Nexus Data Centers Hubbard LLC,CorePhase Enterprises LLC,2025-NEX-001-007,6/2/2026,6/17/2026,May 2026,Bill,Development : Project Management : Project Management Procore,"678,559.80 ","678,559.80 ",Paid In Full,Project Management / SOW,6/26/2026
Nexus Data Centers Hubbard LLC,W.G. Yates & Sons Construction Company,5302601-03,6/2/2026,6/17/2026,May 2026,Bill,Development : Construction : Construction Procore,"31,494,497.93 ","30,017,240.10 ",Paid In Full,Pay app: Period to - 5/28/26,6/22/2026
"Nexus Apex Holdings, LLC",Marsh USA LLC,801024278595,6/2/2026,6/29/2026,Jun 2026,Bill,Operations : Insurance,"66,626.14 ","66,626.14 ",Paid In Full,Cargo Delay in Start Up,6/26/2026
"Nexus Land Holdings, LLC",Champion Energy Services,Champion-06/02/26,6/2/2026,6/17/2026,Jun 2026,Bill,Infrastructure : Utilities - Infra,243.84 ,243.84 ,Paid In Full,Champion May Payment,6/2/2026
"Nexus Land Holdings, LLC",Brian Stroud,Check1077,6/2/2026,6/2/2026,Jun 2026,Bill,Infrastructure : Residential Improvements - Infra,267.18 ,267.18 ,Paid In Full,Jarvis Unit B,6/3/2026
"Nexus Land Holdings, LLC",Frontier Waste Solutions,Frontier 6-2-26,6/2/2026,6/2/2026,Jun 2026,Bill,Infrastructure : Utilities - Infra,217.64 ,217.64 ,Paid In Full,Frontier June Payments,6/2/2026
Nexus Data Centers Hubbard LLC,"Rountree Towers, Inc",1121,6/3/2026,6/18/2026,Jun 2026,Bill,Development : Fiber : Fiber Procore,"102,182.03 ","102,182.03 ",Paid In Full,May 29 invoice - received in June,6/23/2026
"Nexus Data Centers, LLC",Arcus Advisors LLC,3411,6/3/2026,6/3/2026,Jun 2026,Bill,Corporate : Accounting,"48,358.75 ",0.00 ,Pending Approval,May 17 - May 30,
"Nexus Hubbard Power, LLC",Primoris Energy Service Corporation,43427-05,6/3/2026,7/3/2026,Jun 2026,Bill,Development : Construction : Construction Procore,"2,243,053.57 ","2,243,053.57 ",Paid In Full,LNTP 02-16-2026,7/2/2026
"Nexus Data Centers, LLC",Datamation Technologies,4814,6/3/2026,7/3/2026,Jun 2026,Bill,Corporate : IT : Assets,"27,980.09 ","27,980.09 ",Paid In Full,Laptops - Monitors - Keyboards,7/6/2026
"Nexus Apex Holdings, LLC","Jarvis-Paris-Murphy Co., Inc.",56031,6/3/2026,6/3/2026,Jun 2026,Bill,Operations : Utilities : Utilities Gen,"1,200.00 ","1,200.00 ",Paid In Full,Tower Rent at Magnolia Manor May & June,7/10/2026
"Nexus Land Holdings, LLC",Earnest Richardson,85325,6/3/2026,6/5/2026,Jun 2026,Bill,Infrastructure : Site Services - Infra,500.00 ,500.00 ,Paid In Full,Paid via check 1092,6/5/2026
"Nexus Hubbard Power, LLC",WTG Gas Transmission,LNTP#3,6/3/2026,6/3/2026,Jun 2026,Bill,Operations : Gas : Gas Gen,"7,278,321.18 ","7,278,321.18 ",Paid In Full,PHASE 1 (2.7 miles),6/4/2026
"Nexus Hubbard Power, LLC",WTG Gas Transmission,LNTP#4,6/3/2026,6/3/2026,Jun 2026,Bill,Operations : Gas : Gas Gen,"7,182,000.00 ","7,182,000.00 ",Paid In Full,PHASE 2 (7.8 miles),6/4/2026
"Nexus Hubbard Power, LLC",WTG Gas Transmission,LNTP#5,6/3/2026,6/3/2026,Jun 2026,Bill,Operations : Gas : Gas Gen,"5,567,851.00 ","5,567,851.00 ",Paid In Full,PHASE 2 (7.8 miles),6/4/2026
Nexus Data Centers Hubbard LLC,W.G. Yates & Sons Construction Company,WGY-PC-04,6/3/2026,7/3/2026,Apr 2026,Bill,Development : Construction : Construction Procore,"256,283.09 ","256,283.09 ",Paid In Full,3/22/26 - 4/19/26 - PRECONSTRUCTION,7/6/2026
"Nexus Land Holdings, LLC",Brian Stroud,check 1078,6/3/2026,6/3/2026,Jun 2026,Bill,Infrastructure : Residential Improvements - Infra,403.27 ,403.27 ,Paid In Full,Unclog Sewer at Jarvis - CHECK # 1078,6/3/2026
"Nexus Apex Holdings, LLC",AFCO Credit Corporation,1180688-06042026,6/4/2026,6/23/2026,Jun 2026,Bill,Corporate : Finance,"4,763,888.04 ","4,763,888.04 ",Paid In Full,Loan Payment 6/4/26,6/23/2026
"Nexus Land Holdings, LLC",Rachel Massey,7 - check1080,6/4/2026,6/4/2026,Jun 2026,Bill,Infrastructure : Residential Improvements - Infra,840.00 ,840.00 ,Paid In Full,21 hours work invoice #7,6/4/2026
"Nexus Land Holdings, LLC",TXU Energy (AutoPay),TXU06-04-26,6/4/2026,6/4/2026,Jun 2026,Bill,Infrastructure : Utilities - Infra,"1,291.14 ","1,291.14 ",Paid In Full,TXU June Payments,6/4/2026
"Nexus Apex Holdings, LLC","PA Consulting Group, Inc.",0000011047,6/5/2026,7/5/2026,Jun 2026,Bill,Corporate : Finance,"15,000.00 ","15,000.00 ",Paid In Full,IE Report (Final Invoice),7/6/2026
Nexus Bastion Holdings LLC,Datasite LLC,INV-937686,6/5/2026,7/5/2026,Jun 2026,Bill,Corporate : Finance,"42,288.13 ","42,288.13 ",Paid In Full,01-May-26 to 31-May-26,7/6/2026
"Nexus Data Centers, LLC",Datasite LLC,INV-939118,6/5/2026,7/5/2026,Jun 2026,Bill,Corporate : Finance,"89,016.76 ","89,016.76 ",Paid In Full,01-May-26 to 31-May-26,7/6/2026
"Nexus Data Centers, LLC",Signature Aspen,INV130296,6/5/2026,6/5/2026,Jun 2026,Bill,Corporate : Marketing / Branding,598.03 ,598.03 ,Paid In Full,Nexus Business Cards,6/12/2026
"Nexus Land Holdings, LLC",HUBBARD FARM AND RANCH LLC,13965,6/8/2026,6/8/2026,Jun 2026,Bill,Infrastructure : Site Services - Infra,23.76 ,23.76 ,Paid In Full,DUCK & GOOSE LAYER  PELLETS 25#,6/12/2026
Nexus Data Centers Hubbard LLC,EUTAW Construction Company Inc.,26011-05,6/8/2026,7/8/2026,Jun 2026,Bill,Development : Construction : Construction Procore,"7,521,082.65 ","7,521,082.65 ",Paid In Full,Main Services Agreement - Site GC (Base Contract),7/30/2026
Nexus Data Centers Hubbard LLC,Industrial Electrical Supply,26301,6/8/2026,7/8/2026,Jun 2026,Bill,Development : Asset Procurement : Asset Procurement Procore,"4,194,549.00 ","4,194,549.00 ",Paid In Full,30% Shipment of UPS Units,7/10/2026
"Nexus Land Holdings, LLC","Roger A. Soape, Inc.",4928,6/8/2026,6/8/2026,Jun 2026,Bill,Infrastructure : Legal - Infra,"3,000.00 ","3,000.00 ",Paid In Full,5/4/2026 To 5/17/2026,6/15/2026
"Nexus Data Centers, LLC","Ultera, llc",662,6/8/2026,6/23/2026,Jun 2026,Bill,Corporate : Workforce,"55,000.00 ","55,000.00 ",Paid In Full,Recruiting fees for start-up staffing,6/26/2026
"Nexus Data Centers, LLC","Ultera, llc",664,6/8/2026,6/23/2026,Jun 2026,Bill,Corporate : Workforce,"28,000.00 ","28,000.00 ",Paid In Full,Recruiting fees for start-up staffing,6/23/2026
"Nexus Land Holdings, LLC",Frontier Waste Solutions,Frontier 6-8-26,6/8/2026,6/8/2026,Jun 2026,Bill,Infrastructure : Utilities - Infra,"5,988.47 ","5,988.47 ",Paid In Full,Frontier June Payments,6/8/2026
"Nexus Apex Holdings, LLC",Michels Construction inc,MCI 8,6/8/2026,7/8/2026,May 2026,Bill,Development : Fiber : Fiber Procore,"94,656.25 ","94,656.25 ",Paid In Full,Job 25215103 Fiber Carrier Engagement & OSP Fiber Network Design to Project Apex,7/6/2026
"Nexus Apex Holdings, LLC",Milbank,01054638,6/9/2026,6/9/2026,Jun 2026,Bill,Corporate : Legal,"201,107.02 ","201,107.02 ",Paid In Full,"Professional Services through June 9, 2026",6/26/2026
"Nexus Data Centers, LLC","Oracle America, Inc",102566375,6/9/2026,7/9/2026,Jun 2026,Bill,Corporate : IT : Services / License,"11,199.11 ","11,199.11 ",Paid In Full,,7/10/2026
"Nexus Apex Holdings, LLC",WR Utilities & Excavation,1115,6/9/2026,7/9/2026,Jun 2026,Bill,Development : Engineering : Engineering Procore,"1,499,850.00 ","1,499,850.00 ",Paid In Full,Labor and Materials (Berms),7/10/2026
"Nexus Apex Holdings, LLC",EquipmentShare.com Inc,189392,6/9/2026,7/9/2026,Jun 2026,Bill,Development : Asset Procurement : Asset Procurement Procore,"1,600,241.75 ","1,600,241.75 ",Paid In Full,April - June Procurement,7/10/2026
"Nexus Land Holdings, LLC",American Craftsmen,2319,6/9/2026,6/9/2026,Jun 2026,Bill,Infrastructure : Residential Improvements - Infra,"4,712.57 ","4,712.57 ",Paid In Full,labor and materials,6/12/2026
"Nexus Data Centers, LLC",Double Vision,0128,6/10/2026,6/10/2026,Jun 2026,Bill,Corporate : Marketing / Branding,"4,250.00 ","4,250.00 ",Paid In Full,Investor Day Event,6/17/2026
"Nexus Data Centers, LLC",Business Branders LLC,10017,6/10/2026,7/10/2026,Jun 2026,Bill,Corporate : Marketing / Branding,"20,156.73 ","20,156.73 ",Paid In Full,Various Branded Items,7/10/2026
"Nexus Data Centers, LLC",Business Branders LLC,10018,6/10/2026,7/10/2026,Jun 2026,Bill,Corporate : Marketing / Branding,"2,449.47 ","2,449.47 ",Paid In Full,T-Shirts,7/10/2026
"Nexus Data Centers, LLC",Business Branders LLC,10019,6/10/2026,7/10/2026,Jun 2026,Bill,Corporate : Marketing / Branding,538.73 ,538.73 ,Paid In Full,T-Shirts,7/10/2026
"Nexus Data Centers, LLC",Game On,231461999,6/10/2026,,Jun 2026,Bill,Corporate : Marketing / Branding,"2,533.06 ","2,533.06 ",Paid In Full,Pool Table - Shuffleboard - for Event,6/17/2026
"Nexus Data Centers, LLC",Oracle NetSuite,2513387,6/10/2026,7/13/2026,Jun 2026,Bill,Corporate : IT : Services / License,"1,335.63 ","1,335.63 ",Paid In Full,Coverage 6/12/26 - 9/11/26,7/24/2026
"Nexus Apex Holdings, LLC","LoadSpring Solutions, Inc",INV016679,6/10/2026,7/10/2026,Jun 2026,Bill,Corporate : IT : Services / License,"14,071.07 ","14,071.07 ",Paid In Full,LoadSpring P6 Essentials,7/24/2026
"Nexus Data Centers, LLC",Laurel & Finch,L&F061026,6/10/2026,6/10/2026,Jun 2026,Bill,Corporate : Marketing / Branding,"9,864.84 ","9,864.84 ",Paid In Full,Flowers & Decor - Investors Day,6/17/2026
"Nexus Data Centers, LLC",Butler Snow LLP,10531303,6/11/2026,6/11/2026,Jun 2026,Bill,Corporate : Legal,"7,567.00 ","7,567.00 ",Paid In Full,services 5/7/26 - 5/28/26,6/23/2026
"Nexus Data Centers, LLC","Haynes and Boone, LLP",21768810,6/11/2026,7/11/2026,Jun 2026,Bill,Corporate : Legal,"29,641.50 ","29,641.50 ",Paid In Full,"Professional Services Through  May 31, 2026",7/10/2026
"Nexus Apex Holdings, LLC",Black & Veatch,6717777,6/11/2026,7/11/2026,Jun 2026,Bill,Corporate : Finance,"69,000.00 ","69,000.00 ",Paid In Full,"Billing through June 9, 2026",7/24/2026
Nexus Data Centers Hubbard LLC,Forgen LLC,INV-IFI-46432,6/11/2026,7/11/2026,May 2026,Bill,Development : Construction : Construction Procore,"1,208,739.12 ","1,208,739.12 ",Paid In Full,Labor (4/26/26 - 5/10/26),7/10/2026
"Nexus Land Holdings, LLC",Rachel Massey,RM061026,6/11/2026,,Jun 2026,Bill,Infrastructure : Site Services - Infra,"2,720.00 ","2,720.00 ",Paid In Full,5/20/26 - 6/10/26,6/12/2026
"Nexus Data Centers, LLC",Specialty Livestock Systems,1330,6/12/2026,6/13/2026,Jun 2026,Bill,Corporate : Marketing / Branding,"8,580.00 ","8,580.00 ",Paid In Full,Investor Day Event,6/17/2026
"Nexus Data Centers, LLC",PwC US Business Advisory,211A017135,6/12/2026,7/12/2026,Jun 2026,Bill,Corporate : Accounting,"230,000.00 ","230,000.00 ",Paid In Full,Advisory Fees Through 5/31,8/7/2026
"Nexus Data Centers, LLC",Bleacher Rentals Florida LLC,231560519,6/12/2026,6/12/2026,Jun 2026,Bill,Corporate : Marketing / Branding,"6,495.00 ","6,495.00 ",Paid In Full,Investor Day,7/3/2026
Nexus Data Centers Hubbard LLC,Industrial Electrical Supply,26356,6/12/2026,7/12/2026,Jun 2026,Bill,Development : Asset Procurement : Asset Procurement Procore,"13,813,402.60 ","13,813,402.60 ",Paid In Full,Bill#1 30% UPON PO EXECUTON FOR HB2 UP,7/10/2026
Nexus Data Centers Hubbard LLC,Industrial Electrical Supply,26357,6/12/2026,7/12/2026,Jun 2026,Bill,Development : Asset Procurement : Asset Procurement Procore,"9,938,044.12 ","9,938,044.12 ",Paid In Full,Bill #1 PROGRESS PAYMENT 30% UPON PO EXECUTION FOR HB2 LV SWBS,7/10/2026
Nexus Data Centers Hubbard LLC,Industrial Electrical Supply,26358,6/12/2026,7/12/2026,Jun 2026,Bill,Development : Asset Procurement : Asset Procurement Procore,"831,433.24 ","831,433.24 ",Paid In Full,Bill #1 PROGRESS PAYMENT 30% UPON PO EXECUTION FOR HB2 GENS,7/10/2026
Nexus Data Centers Hubbard LLC,Industrial Electrical Supply,26359,6/12/2026,7/12/2026,Jun 2026,Bill,Development : Asset Procurement : Asset Procurement Procore,"9,243,959.01 ","9,243,959.01 ",Paid In Full,Bill #2 30 percent due upon commencement of physical fabrication,7/10/2026
Nexus Data Centers Hubbard LLC,Industrial Electrical Supply,26360,6/12/2026,7/12/2026,Jun 2026,Bill,Development : Asset Procurement : Asset Procurement Procore,"35,981,359.49 ","35,981,359.49 ",Paid In Full,Bill #1 30% UPON PO EXECUTION FOR HB2 MV SWGEAR,7/10/2026
"Nexus Data Centers, LLC",Holland & Knight LLP,33968051,6/12/2026,6/12/2026,Jun 2026,Bill,Corporate : Legal,"7,410.00 ","7,410.00 ",Paid In Full,May Services,6/23/2026
"Nexus Data Centers, LLC",Texas Elite Graphics & Signs,41928,6/12/2026,7/12/2026,Jun 2026,Bill,Corporate : Marketing / Branding,"8,389.38 ","8,389.38 ",Paid In Full,Signage,7/10/2026
"Nexus Data Centers, LLC",Bright Event Rentals,464348,6/12/2026,,Jun 2026,Bill,Corporate : Marketing / Branding,"32,841.97 ","32,841.97 ",Paid In Full,Investor Day Event,6/17/2026
"Nexus Hubbard Power, LLC",Everllence USA INC,6803679,6/12/2026,6/27/2026,Jun 2026,Bill,Development : Asset Procurement : Asset Procurement Procore,"436,045.84 ","436,045.84 ",Paid In Full,Equipment Supply Contract  5306425- body of contract (9/26/2025) - 13 units and change order,6/26/2026
"Nexus Hubbard Power, LLC",Everllence USA INC,6803680,6/12/2026,6/27/2026,Jun 2026,Bill,Development : Asset Procurement : Asset Procurement Procore,"312,354.16 ","312,354.16 ",Paid In Full,Equipment Supply Contract 5306589 - Appendices (9/26/2025) - 11 units,6/26/2026
"Nexus Data Centers, LLC",Regus Corporation,7970-1617,6/12/2026,6/12/2026,Jun 2026,Bill,Corporate,"14,352.00 ",0.00 ,Open,June Rent,
"Nexus Data Centers, LLC",Regus Corporation,7970-1618,6/12/2026,6/15/2026,Jun 2026,Bill,Corporate,"14,352.00 ","13,163.20 ",Open,,
"Nexus Data Centers, LLC",Wild Knox,1830,6/13/2026,6/22/2026,Jun 2026,Bill,Corporate : Marketing / Branding,"15,302.22 ","15,302.22 ",Paid In Full,Investor Day,7/6/2026
"Nexus Data Centers, LLC",Folk & Rowe,231506480,6/14/2026,6/14/2026,Jun 2026,Bill,Corporate : Marketing / Branding,"25,398.07 ","25,398.07 ",Paid In Full,Investor Day Event,6/17/2026
"Nexus Data Centers, LLC",Bright Event Rentals,465152,6/14/2026,6/14/2026,Jun 2026,Bill,Corporate : Marketing / Branding,"42,728.81 ","42,728.81 ",Paid In Full,Investor Day Event,6/17/2026
"Nexus Data Centers, LLC",Bright Event Rentals,465442,6/14/2026,6/14/2026,Jun 2026,Bill,Corporate : Marketing / Branding,657.13 ,657.13 ,Paid In Full,Investor Day Event,6/17/2026
"Nexus Land Holdings, LLC","1212 Property Services, LLC",1012,6/15/2026,6/30/2026,Jun 2026,Bill,Infrastructure : Site Services - Infra,"3,025.60 ","3,025.60 ",Paid In Full,Lawncare Maintenance,6/26/2026
Nexus Data Centers Hubbard LLC,"HDR Engineering, Inc.",1200836164,6/15/2026,7/15/2026,May 2026,Bill,Development : Engineering : Engineering Procore,"1,817,317.60 ","1,817,317.60 ",Paid In Full,3-May-2026 - 30-May-2026,7/10/2026
Nexus Data Centers Hubbard LLC,"HDR Engineering, Inc.",1200836166,6/15/2026,7/15/2026,May 2026,Bill,Development : Engineering : Engineering Procore,"905,250.00 ","905,250.00 ",Paid In Full,22-May-2026 - 30-May-2026,7/31/2026
Nexus Data Centers Hubbard LLC,"HDR Engineering, Inc.",1200836168,6/15/2026,7/15/2026,Jun 2026,Bill,Development : Engineering : Engineering Procore,"419,957.54 ","419,957.54 ",Paid In Full,3-May-2026 To:   30-May-2026,7/31/2026
Nexus Data Centers Hubbard LLC,"HDR Engineering, Inc.",1200836170,6/15/2026,7/15/2026,May 2026,Bill,Development : Engineering : Engineering Procore,"1,082,296.80 ","1,082,296.80 ",Paid In Full,3-May-2026 - 30-May-2026,7/30/2026
Nexus Data Centers Hubbard LLC,"HDR Engineering, Inc.",1200836173,6/15/2026,7/15/2026,May 2026,Bill,Development : Engineering : Engineering Procore,"457,970.00 ","457,970.00 ",Paid In Full,22-May-2026 - 30-May-2026,7/31/2026
"Nexus Data Centers, LLC",Flex 9,1288,6/15/2026,6/22/2026,Jun 2026,Bill,Corporate : Marketing / Branding,"3,500.00 ","3,500.00 ",Paid In Full,Investor Day,6/17/2026
"Nexus Data Centers, LLC",Skadden,2074614,6/15/2026,6/15/2026,Jun 2026,Bill,Corporate : Legal,"90,649.80 ","90,649.80 ",Paid In Full,FOR PROFESSIONAL SERVICES rendered  through May,7/6/2026
"Nexus Data Centers, LLC",Bright Event Rentals,465159,6/15/2026,6/15/2026,Jun 2026,Bill,Corporate : Marketing / Branding,"55,582.26 ","55,582.26 ",Paid In Full,Investor Day Event,6/17/2026
"Nexus Hubbard Carrier, LLC",Michels Construction inc,51262010,6/15/2026,7/15/2026,Jun 2026,Bill,Development : Fiber : Fiber Procore,"2,569,129.50 ","2,569,129.50 ",Paid In Full,Pmt 1 - Advanced Payments for Civil Scope,7/9/2026
"Nexus Hubbard Carrier, LLC",Michels Construction inc,51262011,6/15/2026,7/19/2026,Jun 2026,Bill,Development : Fiber : Fiber Procore,"2,569,129.50 ",0.00 ,Open,Pmt 2 - Advanced Payments for Civil Scope,
Nexus Data Centers Hubbard LLC,W.G. Yates & Sons Construction Company,5302601-04 R,6/15/2026,6/30/2026,Jun 2026,Bill,Development : Construction : Construction Procore,"34,967,331.86 ","33,389,720.82 ",Paid In Full,Jun Invoice,6/30/2026
"Nexus Data Centers, LLC","Ultera, llc",663,6/15/2026,6/30/2026,Jun 2026,Bill,Corporate : Workforce,"26,000.00 ","26,000.00 ",Paid In Full,Recruiting fees for start-up staffing,6/26/2026
"Nexus Land Holdings, LLC",Champion Energy Services,Champion-06/15/26,6/15/2026,6/30/2026,Jun 2026,Bill,Infrastructure : Utilities - Infra,125.74 ,125.74 ,Paid In Full,Champion May Payment,6/15/2026
"Nexus Land Holdings, LLC",Post Oak Special Utility District,Check1096,6/15/2026,6/15/2026,Jun 2026,Bill,Infrastructure : Utilities - Infra,50.00 ,50.00 ,Paid In Full,Account Fee HUB-40,6/17/2026
"Nexus Data Centers, LLC",Signature Aspen,INV130533,6/15/2026,6/15/2026,Jun 2026,Bill,Corporate : Marketing / Branding,352.92 ,352.92 ,Paid In Full,Scratch pads,7/10/2026
"Nexus Data Centers, LLC",Signature Aspen,INV130539,6/15/2026,6/15/2026,Jun 2026,Bill,Corporate : Marketing / Branding,227.33 ,227.33 ,Paid In Full,Nexus Business Cards,7/10/2026
"Nexus Data Centers, LLC",Shag Carpet Productions,R081898,6/15/2026,6/15/2026,Jun 2026,Bill,Corporate : Marketing / Branding,"3,958.11 ","3,958.11 ",Paid In Full,Investor Day,6/17/2026
"Nexus Hubbard Power, LLC",Source Blue LLC,SBL-2026-04,6/15/2026,7/27/2026,Jun 2026,Bill,Development : Project Management : Project Management Procore,"179,000,142.16 ","179,000,142.16 ",Paid In Full,General Construction,7/30/2026
"Nexus Land Holdings, LLC",TXU Energy (AutoPay),TXU06-15-26,6/15/2026,6/15/2026,Jun 2026,Bill,Infrastructure : Utilities - Infra,55.19 ,55.19 ,Paid In Full,TXU June Payments,6/15/2026
"Nexus Land Holdings, LLC",Post Oak Special Utility District,check1094,6/15/2026,6/15/2026,Jun 2026,Bill,Infrastructure : Utilities - Infra,500.00 ,500.00 ,Paid In Full,New service meter HUB-40,6/17/2026
"Nexus Land Holdings, LLC",Post Oak Special Utility District,check1095,6/15/2026,6/15/2026,Jun 2026,Bill,Infrastructure : Utilities - Infra,500.00 ,500.00 ,Paid In Full,New service meter HUB-44,6/17/2026
"Nexus Land Holdings, LLC",Post Oak Special Utility District,check1097,6/15/2026,6/15/2026,Jun 2026,Bill,Infrastructure : Utilities - Infra,50.00 ,50.00 ,Paid In Full,Account Fee HUB-44,6/17/2026
"Nexus Data Centers, LLC",Mamas Medicine,00961,6/16/2026,6/16/2026,Jun 2026,Bill,Corporate : Marketing / Branding,"4,918.00 ","4,918.00 ",Paid In Full,Nexus Investor Day,6/26/2026
Nexus Data Centers Hubbard LLC,Industrial Electrical Supply,26388,6/16/2026,7/16/2026,Jun 2026,Bill,Development : Asset Procurement : Asset Procurement Procore,"8,912,769.50 ","8,912,769.50 ",Paid In Full,Bill #3 30 percent due upon readiness for shipment,7/17/2026
"Nexus Data Centers, LLC",Bright Event Rentals,465174,6/16/2026,6/16/2026,Jun 2026,Bill,Corporate : Marketing / Branding,"21,785.31 ","21,785.31 ",Paid In Full,Investor Day Event,6/17/2026
"Nexus Data Centers, LLC",Bright Event Rentals,465687,6/16/2026,6/16/2026,Jun 2026,Bill,Corporate : Marketing / Branding,"1,294.68 ","1,294.68 ",Paid In Full,Investor Day,6/26/2026
"Nexus Data Centers, LLC",Progressive County Mutual Ins Co,875689491,6/16/2026,6/16/2026,Jun 2026,Bill,Operations : Insurance,"33,823.00 ",0.00 ,Pending Approval,Car policy canceled in Aug,
"Nexus Land Holdings, LLC",City of Hubbard,City of Hubard 6/16/26,6/16/2026,6/16/2026,Jun 2026,Bill,Infrastructure : Utilities - Infra,395.86 ,395.86 ,Paid In Full,June Payments,6/16/2026
"Nexus Apex Holdings, LLC",International SOS Health Care Service US Inc,IMUE260948,6/16/2026,7/16/2026,May 2026,Bill,Operations : O&M : O&M Procore,"56,588.16 ","56,588.16 ",Paid In Full,11 May 2026 - 24 May 2026,7/17/2026
"Nexus Data Centers, LLC",PBR Entertainment,INV-2026-001,6/16/2026,6/16/2026,Jun 2026,Bill,Corporate : Marketing / Branding,"3,000.00 ","3,000.00 ",Paid In Full,Investor Day,6/17/2026
"Nexus Data Centers, LLC",Matthew C McDaniel,MCM-2026-002,6/16/2026,6/25/2026,Jun 2026,Bill,Corporate : Accounting,"44,700.52 ","44,700.52 ",Paid In Full,"May 11, 2026 – June 12, 2026",6/26/2026
"Nexus Data Centers, LLC",Matthew C McDaniel,MCM-2026-003,6/16/2026,7/31/2026,Jun 2026,Bill,Corporate : Accounting,"43,295.23 ","43,295.23 ",Paid In Full,"June 15, 2026 – July 31, 2026",8/7/2026
"Nexus Land Holdings, LLC",Navasota Valley Electric (Auto Pay),Nav 06-16-26,6/16/2026,6/16/2026,Jun 2026,Bill,Infrastructure : Utilities - Infra,529.62 ,529.62 ,Paid In Full,Navasota June Payments,6/16/2026
"Nexus Hubbard Power, LLC","Industrial Project Innovation, LLC",Nexus-011,6/16/2026,7/16/2026,Jun 2026,Bill,Development : Project Management : Project Management Procore,"1,762,106.92 ","1,762,106.92 ",Paid In Full,May 2026 -Schedule Integration Support,7/30/2026
"Nexus Land Holdings, LLC",Love and Thunder Apiary LLC,000016,6/17/2026,6/17/2026,Jun 2026,Bill,Infrastructure : Site Services - Infra,140.72 ,140.72 ,Paid In Full,Bee Extraction/hive Recuse,6/23/2026
"Nexus Data Centers, LLC",Love and Thunder Apiary LLC,000017,6/17/2026,6/17/2026,Jun 2026,Bill,Corporate : Marketing / Branding,"2,121.70 ","2,121.70 ",Paid In Full,Investor Day,7/6/2026
"Nexus Data Centers, LLC",Love and Thunder Apiary LLC,000018,6/17/2026,6/22/2026,Jun 2026,Bill,Corporate : Marketing / Branding,650.00 ,650.00 ,Paid In Full,Investor Day,7/6/2026
"Nexus Apex Holdings, LLC",Audio Video Solutions Texas LLC,1122,6/17/2026,6/17/2026,Jun 2026,Bill,Development : Asset Procurement : Asset Procurement Procore,"4,483.33 ","4,483.33 ",Paid In Full,Outstanding Proposal Balance - Due Upon Job Completion,6/26/2026
Nexus Alpha I LLC,"Foster Fence, LTD",140326.1,6/17/2026,7/17/2026,Jun 2026,Bill,Development : Construction : Construction Procore,"1,717,368.14 ","1,717,368.14 ",Paid In Full,Period to: 5.31,7/30/2026
"Nexus Data Centers, LLC",Arcus Advisors LLC,3431,6/17/2026,6/17/2026,Jun 2026,Bill,Corporate : Workforce,"36,371.25 ",0.00 ,Pending Approval,Consulting General and ERP April 6th  to Dec,
"Nexus Data Centers, LLC",Marcona Kitchen,6182026,6/17/2026,6/17/2026,Jun 2026,Bill,Corporate : Marketing / Branding,"2,100.05 ","2,100.05 ",Paid In Full,Investor Day,6/17/2026
"Nexus Land Holdings, LLC",Luisa V Savage,8,6/17/2026,6/17/2026,Jun 2026,Bill,Infrastructure : Site Services - Infra,"2,662.80 ","2,662.80 ",Paid In Full,June 1 - June 15,6/23/2026
"Nexus Data Centers, LLC",Signature Aspen,INV130588,6/17/2026,6/17/2026,Jun 2026,Bill,Corporate : Marketing / Branding,692.51 ,692.51 ,Paid In Full,EMPLOYEE Badges,7/10/2026
Nexus Data Centers Hubbard LLC,"Bron & Claude Engineering, LLC",0612,6/18/2026,7/18/2026,Jun 2026,Bill,Development : Engineering : Engineering Procore,"5,579,358.97 ","5,579,358.97 ",Paid In Full,PO Issuance to Secure Material. Upon LNTP Signing.,7/17/2026
"Nexus Data Centers, LLC",Helberg Ranch Inc,13113,6/18/2026,6/18/2026,Jun 2026,Bill,Corporate : Marketing / Branding,"5,809.55 ","5,809.55 ",Paid In Full,Investor Day,7/6/2026
"Nexus Land Holdings, LLC",HUBBARD FARM AND RANCH LLC,14301,6/18/2026,6/18/2026,Jun 2026,Bill,Infrastructure : Site Services - Infra,716.62 ,716.62 ,Paid In Full,Site Services 6/18,6/26/2026
Nexus Data Centers Hubbard LLC,Industrial Electrical Supply,26418,6/18/2026,7/18/2026,Jun 2026,Bill,Development : Asset Procurement : Asset Procurement Procore,"4,907,089.59 ","4,907,089.59 ",Paid In Full,Bill #3 PROGRESS PAYMENT 30% PROGRESS PAYMENT SHIPMENT CONF,7/17/2026
"Nexus Data Centers, LLC",PBR Entertainment,INV-2026-002,6/18/2026,6/18/2026,Jun 2026,Bill,Corporate : Marketing / Branding,500.00 ,500.00 ,Paid In Full,Investor Day,7/6/2026
"Nexus Data Centers, LLC",Signature Aspen,INV130626,6/18/2026,6/18/2026,Jun 2026,Bill,Corporate : Marketing / Branding,277.12 ,277.12 ,Paid In Full,Investor day Posters,7/10/2026
"Nexus Data Centers, LLC",Premiere Transportation,PT061826,6/18/2026,6/18/2026,Jun 2026,Bill,Corporate : Marketing / Branding,"8,477.38 ","8,477.38 ",Paid In Full,Investor Day Event,6/17/2026
"Nexus Land Holdings, LLC",Love and Thunder Apiary LLC,000019,6/19/2026,7/3/2026,Jun 2026,Bill,Infrastructure : Site Services - Infra,150.00 ,150.00 ,Paid In Full,Site Services,7/6/2026
Nexus Data Centers Hubbard LLC,Honeywell International Inc.,5273122951,6/19/2026,7/19/2026,Jun 2026,Bill,Development : Asset Procurement : Asset Procurement Procore,"1,744,280.99 ","1,744,280.99 ",Paid In Full,Integrated Control and Safety System,7/17/2026
"Nexus Land Holdings, LLC",FDZ Electric,FDZ061926,6/19/2026,6/19/2026,Jun 2026,Bill,Infrastructure : Site Services - Infra,"2,453.75 ","2,453.75 ",Paid In Full,Electrical Services,7/6/2026
Nexus Data Centers Hubbard LLC,Carrier Corporation,910376868,6/21/2026,8/4/2026,Jun 2026,Bill,Development : Construction : Construction Procore,"35,233,768.40 ","35,233,768.40 ",Paid In Full,30% Milestone 138 Chillers,7/30/2026
Nexus Data Centers Hubbard LLC,"Bron & Claude Engineering, LLC",0614,6/22/2026,7/22/2026,Jun 2026,Bill,Development : Engineering : Engineering Procore,"1,594,102.56 ","1,594,102.56 ",Paid In Full,Mobilization,7/31/2026
"Nexus Apex Holdings, LLC",Audio Video Solutions Texas LLC,1123,6/22/2026,6/22/2026,Jun 2026,Bill,Development : Asset Procurement : Asset Procurement Procore,"15,455.78 ","15,455.78 ",Paid In Full,Payment 1 for Proposal #1800 75% of Proposal Total,7/10/2026
"Nexus Apex Holdings, LLC",HUBBARD FARM AND RANCH LLC,14443,6/22/2026,6/22/2026,Jun 2026,Bill,Infrastructure : Site Services - Infra,"4,765.68 ","4,765.68 ",Paid In Full,Nexus Alpha - Site services,7/6/2026
"Nexus Data Centers, LLC",American Airlines Center,148061,6/22/2026,7/10/2026,Jun 2026,Bill,Corporate : Corporate,"202,500.00 ","202,500.00 ",Paid In Full,2nd payment - Suite Lease Fee,7/10/2026
"Nexus Apex Holdings, LLC",PRAIRIELANDS GROUNDWATER CONSERVATION DISTRICT,2026-0520,6/22/2026,7/10/2026,Jun 2026,Bill,Development : Utilities : Utilities Gen,"6,000.00 ","6,000.00 ",Paid In Full,3rd Quarter 2026 - Water Use Fees,7/10/2026
"Nexus Data Centers, LLC",PwC US Tax LLP,208A210230,6/22/2026,7/22/2026,Jun 2026,Bill,Corporate : Accounting,"50,268.00 ","50,268.00 ",Paid In Full,"May 1, 2026 through May 31, 2026",8/7/2026
"Nexus Land Holdings, LLC",American Craftsmen,2322,6/22/2026,6/22/2026,Jun 2026,Bill,Infrastructure : Site Services - Infra,"2,019.97 ","2,019.97 ",Paid In Full,Extra labor and materials,6/26/2026
"Nexus Data Centers, LLC",TMS Leasing,4654,6/22/2026,6/22/2026,Jun 2026,Bill,Corporate : Marketing / Branding,"9,034.02 ","9,034.02 ",Paid In Full,Investor Day,7/6/2026
"Nexus Land Holdings, LLC","Roger A. Soape, Inc.",4980,6/22/2026,6/22/2026,Jun 2026,Bill,Infrastructure : Legal - Infra,"9,600.00 ","9,600.00 ",Paid In Full,May 18 - May 31,6/26/2026
"Nexus Data Centers, LLC",Collin W Lynch,CL-INV-1,6/22/2026,6/22/2026,Jun 2026,Bill,Corporate : Workforce,390.00 ,390.00 ,Paid In Full,Hubbard PD Event Hours,6/26/2026
"Nexus Data Centers, LLC",Venara LLC,INV-0006,6/22/2026,7/7/2026,Jun 2026,Bill,Corporate : Workforce,"50,000.00 ","50,000.00 ",Paid In Full,Recruitment Fee for placement of Michael Lopriore as Director,7/6/2026
"Nexus Data Centers, LLC",Jason D Patrick,JP-INV-1,6/22/2026,6/22/2026,Jun 2026,Bill,Corporate : Workforce,390.00 ,390.00 ,Paid In Full,Hubbard PD Event Hours,6/29/2026
"Nexus Data Centers, LLC",Mayra Renteria,MR-INV-1,6/22/2026,6/22/2026,Jun 2026,Bill,Corporate : Workforce,390.00 ,390.00 ,Paid In Full,Hubbard PD Event Hours,6/26/2026
"Nexus Data Centers, LLC",Folk & Rowe,231594337,6/23/2026,6/23/2026,Jun 2026,Bill,Corporate : Marketing / Branding,"3,000.00 ","3,000.00 ",Paid In Full,Investor Day,7/6/2026
"Nexus Hubbard Power, LLC",Creatum Solar LLC,260622_001,6/23/2026,7/23/2026,Jun 2026,Bill,Development : Asset Procurement : Asset Procurement Procore,"183,182.50 ","183,182.50 ",Paid In Full,June Preconstruction & Engineering Services,7/30/2026
Nexus Data Centers Hubbard LLC,Industrial Electrical Supply,26465,6/23/2026,7/23/2026,Jun 2026,Bill,Development : Asset Procurement : Asset Procurement Procore,"9,533,524.50 ","9,533,524.50 ",Paid In Full,30% PROGRESS PAYMENT READINESS FOR SHIPMENT,7/30/2026
Nexus Data Centers Hubbard LLC,Industrial Electrical Supply,26466,6/23/2026,7/23/2026,Jun 2026,Bill,Development : Asset Procurement : Asset Procurement Procore,"13,813,402.61 ","13,813,402.61 ",Paid In Full,30% upon commencement of physical  fabrication,7/30/2026
"Nexus Data Centers, LLC",Datamation Technologies,4815,6/23/2026,7/3/2026,Jun 2026,Bill,Corporate : IT : Assets,"2,124.04 ","2,124.04 ",Paid In Full,Laptops - Monitors - Keyboards,7/6/2026
"Nexus Data Centers, LLC",Datamation Technologies,4816,6/23/2026,7/3/2026,Jun 2026,Bill,Corporate : IT : Assets,"3,519.42 ","3,519.42 ",Paid In Full,Laptops - Monitors - Keyboards,7/6/2026
"Nexus Data Centers, LLC",Heritage Leathers USA,6424,6/23/2026,6/23/2026,Jun 2026,Bill,Corporate : Marketing / Branding,"4,142.00 ","4,142.00 ",Paid In Full,Investor Day,7/6/2026
"Nexus Hubbard Power, LLC",Everllence USA INC,6803709,6/23/2026,7/7/2026,Jun 2026,Bill,Development : Asset Procurement : Asset Procurement Procore,"11,690,214.63 ","11,690,214.63 ",Paid In Full,5th Milestone Billing,7/7/2026
"Nexus Apex Holdings, LLC",EquipmentShare.com Inc,7103351-001,6/23/2026,6/29/2026,Jun 2026,Bill,Development : Asset Procurement : Asset Procurement Procore,"789,006.11 ","789,006.11 ",Paid In Full,Trailer Purchase #4 down payment for 8 trailers,7/2/2026
"Nexus Apex Holdings, LLC",EquipmentShare.com Inc,7108506-000,6/23/2026,6/29/2026,Jun 2026,Bill,Development : Asset Procurement : Asset Procurement Procore,"1,329,427.46 ","1,329,427.46 ",Paid In Full,Trailer Purchase #3 down payment for 9 trailers,7/2/2026
"Nexus Data Centers, LLC",Alice Allen Events,INV-00168,6/23/2026,6/23/2026,Jun 2026,Bill,Corporate : Marketing / Branding,"33,771.69 ","33,771.69 ",Paid In Full,Investor Day,7/6/2026
Nexus Alpha I LLC,"EXP Energy Services, Inc.",05202614,6/24/2026,7/24/2026,Jun 2026,Bill,Development : Regulatory : Regulatory Procore,"4,632.04 ","4,632.04 ",Paid In Full,"April 25,2026 - May 29, 2026",7/31/2026
"Nexus Land Holdings, LLC",HUBBARD FARM AND RANCH LLC,14518,6/24/2026,6/24/2026,Jun 2026,Bill,Infrastructure : Site Services - Infra,23.76 ,23.76 ,Paid In Full,Site Services 6/24,6/26/2026
"Nexus Data Centers, LLC",wework,202600002305,6/24/2026,6/24/2026,Jun 2026,Bill,Corporate : HQ / Office,"5,310.00 ","5,310.00 ",Paid In Full,Rent,6/26/2026
"Nexus Hubbard Power, LLC",Everllence USA INC,6803713,6/24/2026,7/8/2026,Jun 2026,Bill,Development : Asset Procurement : Asset Procurement Procore,"4,000,036.96 ","4,000,036.96 ",Paid In Full,Logistics Cost DownPayment,7/8/2026
Nexus Data Centers Hubbard LLC,Carrier Corporation,910383356,6/24/2026,6/24/2026,Jun 2026,Bill,Development : Construction : Construction Procore,"711,098.20 ","711,098.20 ",Paid In Full,Payment Deferral Fees,7/8/2026
"Nexus Data Centers, LLC",Laurel & Finch,L&F062426,6/24/2026,6/24/2026,Jun 2026,Bill,Corporate : Marketing / Branding,253.30 ,253.30 ,Paid In Full,Investor Day,7/6/2026
"Nexus Land Holdings, LLC",Rachel Massey,RM062426,6/24/2026,6/24/2026,Jun 2026,Bill,Infrastructure : Site Services - Infra,"2,158.00 ","2,158.00 ",Paid In Full,Site Services 06/11/26 ? 06/24/26,6/26/2026
"Nexus Data Centers, LLC",Rise Furniture Procurement,00000027,6/25/2026,6/25/2026,Jun 2026,Bill,Corporate : HQ / Office,"676,218.05 ","676,218.05 ",Paid In Full,Furniture Purchasing  Services,7/6/2026
"Nexus Apex Holdings, LLC","Oracle America, Inc",102579716,6/25/2026,7/25/2026,Jun 2026,Bill,Corporate : IT : Services / License,"42,556.63 ","42,556.63 ",Paid In Full,Primavera P6 Enterprise,7/24/2026
"Nexus Apex Holdings, LLC","LoadSpring Solutions, Inc",INV016701,6/25/2026,7/25/2026,Jun 2026,Bill,Corporate : IT : Services / License,"29,529.91 ","29,529.91 ",Paid In Full,LoadSpring Cloud Platform,7/24/2026
"Nexus Data Centers, LLC",Marcela M Resenos,MMR3,6/25/2026,7/15/2026,Jun 2026,Bill,Corporate : Corporate,"11,514.34 ","11,514.34 ",Paid In Full,June invoice,7/9/2026
"Nexus Data Centers, LLC",Ruca LLC,3221,6/26/2026,7/26/2026,Jun 2026,Bill,Corporate : Marketing / Branding,"23,490.00 ","23,490.00 ",Paid In Full,Website Design and Development,7/24/2026
"Nexus Hubbard Power, LLC",Primoris Energy Service Corporation,43427-07,6/26/2026,7/26/2026,Jun 2026,Bill,Development : Construction : Construction Procore,"4,870,555.62 ","4,870,555.62 ",Paid In Full,A1141MASTER Design-Build Agreement 5/28/2026,7/30/2026
"Nexus Hubbard Power, LLC",Primoris Energy Service Corporation,43427-08,6/26/2026,7/26/2026,Jun 2026,Bill,Development : Construction : Construction Procore,"5,450.00 ","5,450.00 ",Paid In Full,A1141MASTER Design-Build Agreement 5/28/2026,7/30/2026
"Nexus Hubbard Power, LLC",Primoris Energy Service Corporation,43427-09,6/26/2026,7/26/2026,Jun 2026,Bill,Development : Construction : Construction Procore,"12,566,665.22 ","12,566,665.22 ",Paid In Full,A1141MASTER Design-Build Agreement 5/28/2026,7/30/2026
"Nexus Hubbard Power, LLC",Primoris Energy Service Corporation,43427-10,6/26/2026,7/26/2026,Jun 2026,Bill,Development : Construction : Construction Procore,"1,346,410.21 ","1,346,410.21 ",Paid In Full,A1141MASTER Design-Build Agreement 5/28/2026,7/30/2026
"Nexus Hubbard Power, LLC",Primoris Energy Service Corporation,43427-11,6/26/2026,7/26/2026,Jun 2026,Bill,Development : Construction : Construction Procore,"31,572,336.08 ","31,572,336.08 ",Paid In Full,A1141MASTER Design-Build Agreement 5/28/2026,7/30/2026
"Nexus Land Holdings, LLC",Brian Stroud,818827,6/27/2026,6/27/2026,Jun 2026,Bill,Infrastructure : Site Services - Infra,"1,090.00 ","1,090.00 ",Paid In Full,Site Services,7/6/2026
"Nexus Land Holdings, LLC",Love and Thunder Apiary LLC,000025-R-0001,6/28/2026,7/1/2026,Jun 2026,Bill,Infrastructure : Site Services - Infra,520.16 ,520.16 ,Paid In Full,Hive maintenance,8/7/2026
"Nexus Land Holdings, LLC",Serna Serrvices,18758,6/28/2026,6/28/2026,Jun 2026,Bill,Infrastructure : Site Services - Infra,365.00 ,365.00 ,Paid In Full,After hours service call,7/6/2026
"Nexus Land Holdings, LLC",Serna Serrvices,18759,6/28/2026,6/28/2026,Jun 2026,Bill,Infrastructure : Site Services - Infra,200.00 ,200.00 ,Paid In Full,Sunday after hours call,7/6/2026
"Nexus Apex Holdings, LLC",Audio Video Solutions Texas LLC,1129,6/29/2026,6/29/2026,Jun 2026,Bill,Development : Asset Procurement : Asset Procurement Procore,"86,267.87 ","86,267.87 ",Paid In Full,Payment 1 for Proposal #1789,7/17/2026
"Nexus Land Holdings, LLC",Serna Serrvices,18801,6/29/2026,7/7/2026,Jun 2026,Bill,Infrastructure : Site Services - Infra,160.00 ,160.00 ,Paid In Full,Service Call,7/17/2026
"Nexus Data Centers, LLC",Skadden,2080588,6/29/2026,6/29/2026,Jun 2026,Bill,Corporate : Legal,"33,592.50 ","33,592.50 ",Paid In Full,FOR PROFESSIONAL SERVICES rendered  through March,7/6/2026
"Nexus Data Centers, LLC",Skadden,2080589,6/29/2026,6/29/2026,Jun 2026,Bill,Corporate : Legal,"30,592.50 ","30,592.50 ",Paid In Full,"FOR PROFESSIONAL SERVICES rendered  through April 30, 2026",7/6/2026
"Nexus Data Centers, LLC",Skadden,2080591,6/29/2026,6/29/2026,Jun 2026,Bill,Corporate : Legal,"5,957.50 ","5,957.50 ",Paid In Full,FOR PROFESSIONAL SERVICES rendered  through May,7/6/2026
"Nexus Land Holdings, LLC",Uline,53995193,6/29/2026,7/29/2026,Jun 2026,Bill,Infrastructure : Site Services - Infra,"1,028.53 ","1,028.53 ",Paid In Full,Supplies,7/24/2026
"Nexus Data Centers, LLC","Ultera, llc",665,6/29/2026,7/14/2026,Jun 2026,Bill,Corporate : Workforce,"50,000.00 ","50,000.00 ",Paid In Full,Recruiting fees,7/10/2026
"Nexus Data Centers, LLC",Stout,CINV-120018,6/29/2026,7/29/2026,Jun 2026,Bill,Corporate : Accounting,"18,900.00 ",0.00 ,Pending Approval,Professional Services,
"Nexus Hubbard Power, LLC",Tinsley Drilling & Company Inc,G702-TIN-3,6/29/2026,7/29/2026,Jun 2026,Bill,Development : Construction : Construction Procore,"469,833.88 ","469,833.88 ",Paid In Full,FINAL INVOICE-LIEN WAIVER,7/31/2026
"Nexus Hubbard Power, LLC",WTG Gas Transmission,WTG-HUB-001,6/29/2026,7/30/2026,Jun 2026,Bill,Operations : Gas : Gas Procore,"4,223,120.58 ","4,223,120.58 ",Paid In Full,Q3 2026 Construction Draw,7/30/2026
"Nexus Hubbard Power, LLC",WTG Gas Transmission,WTG-MAY-001,6/29/2026,7/30/2026,Jun 2026,Bill,Operations : Gas : Gas Procore,"18,277,202.40 ","18,277,202.40 ",Paid In Full,Q3 2026 Construction Draw,7/30/2026
"Nexus Land Holdings, LLC","1212 Property Services, LLC",1013,6/30/2026,7/15/2026,Jun 2026,Bill,Infrastructure : Site Services - Infra,"3,977.20 ","3,977.20 ",Paid In Full,Lawncave Maintenance,7/10/2026
"Nexus Apex Holdings, LLC",WR Utilities & Excavation,1120,6/30/2026,7/30/2026,Jun 2026,Bill,Development : Engineering : Engineering Procore,"11,890,353.00 ",0.00 ,Open,Labor and Materials,
Nexus Data Centers Hubbard LLC,CorePhase Enterprises LLC,2025-NEX-001-F002,6/30/2026,7/15/2026,Jul 2026,Bill,Development : Project Management : Project Management Procore,"1,572,789.00 ","1,572,789.00 ",Paid In Full,Base Fee pmt 2,7/31/2026
"Nexus Data Centers, LLC",Robert Havlick,2026-06-002,6/30/2026,7/15/2026,Jun 2026,Bill,Corporate : Workforce,"20,833.00 ","20,833.00 ",Paid In Full,6/1/26 – 6/30/26,7/16/2026
"Nexus Land Holdings, LLC",American Craftsmen,2325,6/30/2026,6/30/2026,Jun 2026,Bill,Infrastructure : Site Services - Infra,"8,640.46 ","8,640.46 ",Paid In Full,Labor,7/17/2026
Nexus Data Centers Hubbard LLC,Industrial Electrical Supply,26543,6/30/2026,7/29/2026,Jun 2026,Bill,Development : Asset Procurement : Asset Procurement Procore,"34,085,529.74 ","34,085,529.74 ",Paid In Full,30% PROGRESS PAYMENT READINESS FOR SHIPMENT,7/30/2026
Nexus Data Centers Hubbard LLC,Industrial Electrical Supply,26544,6/30/2026,7/29/2026,Jun 2026,Bill,Development : Asset Procurement : Asset Procurement Procore,"12,824,172.80 ","12,824,172.80 ",Paid In Full,30% PROGRESS PAYMENT READINESS FOR SHIPMENT,7/30/2026
"Nexus Data Centers, LLC",Arcus Advisors LLC,3457,6/30/2026,6/30/2026,Jun 2026,Bill,Corporate : Accounting,"21,896.25 ",0.00 ,Pending Approval,Consulting General and ERP April 6th  to Dec,
"Nexus Apex Holdings, LLC",Post Oak Special Utility District,4709283200-6.30.26,6/30/2026,7/16/2026,Jun 2026,Bill,Operations : Utilities : Utilities Gen,"28,012.08 ","28,012.08 ",Paid In Full,Commercial Post Oak water bill (includes late fees),7/28/2026
Nexus Data Centers Hubbard LLC,W.G. Yates & Sons Construction Company,5302601-05,6/30/2026,7/30/2026,Jun 2026,Bill,Development : Construction : Construction Procore,"335,446,630.01 ","16,598,093.13 ",Open,53026-01 - Hubbard Mobilization,
"Nexus Land Holdings, LLC","AirGas USA, LLC",5525850282,6/30/2026,7/30/2026,Jun 2026,Bill,Infrastructure : Site Services - Infra,7.94 ,7.94 ,Paid In Full,Rent Cyl Ind Small Carbon Dioxide,7/31/2026
"Nexus Land Holdings, LLC","AirGas USA, LLC",5525850457,6/30/2026,7/30/2026,Jun 2026,Bill,Infrastructure : Site Services - Infra,7.94 ,7.94 ,Paid In Full,Rent Cyl Ind Small Carbon Dioxide,7/31/2026
"Nexus Apex Holdings, LLC","Jarvis-Paris-Murphy Co., Inc.",56032,6/30/2026,6/30/2026,Jun 2026,Bill,Operations : Utilities : Utilities Gen,600.00 ,600.00 ,Paid In Full,Tower Rent at Magnolia Manor July,7/10/2026
"Nexus Land Holdings, LLC",Luisa V Savage,9,6/30/2026,6/30/2026,Jun 2026,Bill,Infrastructure : Site Services - Infra,"3,105.85 ","3,105.85 ",Paid In Full,Site Services,7/6/2026
"Nexus Data Centers, LLC",Capitol Corporate Services,9710267,6/30/2026,6/30/2026,Jun 2026,Bill,Corporate : Legal,433.32 ,433.32 ,Paid In Full,June - REGISTERED AGENT SERVICES,7/17/2026
"Nexus Hubbard Power, LLC",NAES Corporation,NAES-IN000039206,6/30/2026,7/30/2026,Jun 2026,Bill,Operations : O&M : O&M Procore,"47,444.25 ","47,444.25 ",Paid In Full,O&M: March - April,8/7/2026
"Nexus Land Holdings, LLC","Trapp Law Firm, PC",1194,7/1/2026,7/31/2026,Jul 2026,Bill,Infrastructure : Acquisition costs - Infra,"9,787.50 ","9,787.50 ",Paid In Full,Land Acquisition - Legal Fees,7/31/2026
Nexus Bastion Holdings LLC,"Trapp Law Firm, PC",1196,7/1/2026,7/31/2026,Jul 2026,Bill,Infrastructure : Acquisition costs - Infra,"12,600.00 ","12,600.00 ",Paid In Full,Land Acquisition - Legal Fees,8/7/2026
"Nexus Land Holdings, LLC",HUBBARD FARM AND RANCH LLC,14770,7/1/2026,7/1/2026,Jul 2026,Bill,Infrastructure : Site Services - Infra,52.46 ,52.46 ,Paid In Full,Site Services,7/6/2026
"Nexus Data Centers, LLC",wework,202600002508,7/1/2026,7/1/2026,Jul 2026,Bill,Corporate : HQ / Office,"25,414.55 ","25,414.55 ",Paid In Full,June rent and July CAM,7/2/2026
Nexus Data Centers Hubbard LLC,Industrial Electrical Supply,26563,7/1/2026,7/30/2026,Jul 2026,Bill,Development : Asset Procurement : Asset Procurement Procore,"517,159.56 ","517,159.56 ",Paid In Full,30 percent due with PO execution,7/31/2026
"Nexus Land Holdings, LLC",ONPOINT Transactions LLC,4036,7/1/2026,7/1/2026,Jul 2026,Bill,Infrastructure : Acquisition costs - Infra,"33,875.00 ","33,875.00 ",Paid In Full,Nexus - Closing,7/6/2026
Nexus Bastion Holdings LLC,ONPOINT Transactions LLC,4037,7/1/2026,7/1/2026,Jul 2026,Bill,Infrastructure : Acquisition costs - Infra,"7,500.00 ","7,500.00 ",Paid In Full,Nexus - Closing,7/6/2026
"Nexus Land Holdings, LLC",ONPOINT Transactions LLC,4038,7/1/2026,7/1/2026,Jul 2026,Bill,Infrastructure : Acquisition costs - Infra,"3,845.14 ","3,845.14 ",Paid In Full,Nexus - Closing,7/6/2026
"Nexus Data Centers, LLC",Texas Elite Graphics & Signs,42078,7/1/2026,7/31/2026,Jul 2026,Bill,Corporate : Marketing / Branding,433.00 ,433.00 ,Paid In Full,Banners,7/31/2026
"Nexus Land Holdings, LLC",Uline,55181759,7/1/2026,7/31/2026,Jul 2026,Bill,Infrastructure : Site Services - Infra,"6,936.02 ","6,936.02 ",Paid In Full,Steel DRY ERASE BOARDS,7/31/2026
"Nexus Data Centers, LLC","Tipalti, Inc.",829286,7/1/2026,7/31/2026,Jul 2026,Bill,Corporate : Accounting,"5,330.00 ","5,330.00 ",Paid In Full,AP Elevate Implementation,7/31/2026
"Nexus Data Centers, LLC","Tipalti, Inc.",829287,7/1/2026,8/30/2026,Jul 2026,Bill,Corporate : Accounting,"26,898.32 ",0.00 ,Pending Approval,AP Elevate Core Plan Base Fee,
"Nexus Data Centers, LLC",Venara LLC,VEN-007,7/1/2026,7/16/2026,Jul 2026,Bill,Corporate : Workforce,"30,673.93 ","30,673.93 ",Paid In Full,Monthly Management Fee,7/17/2026
Nexus Data Centers Hubbard LLC,EUTAW Construction Company Inc.,26011-06,7/2/2026,8/1/2026,Jul 2026,Bill,Development : Construction : Construction Procore,"2,878,201.35 ","2,878,201.35 ",Paid In Full,EUT-06 Billing for June 2026,7/31/2026
"Nexus Data Centers, LLC","Michael Hoops, Attorney at Law, PLLC",396,7/2/2026,8/1/2026,Jul 2026,Bill,Corporate : Legal,"3,500.00 ","3,500.00 ",Paid In Full,Flat rate,8/14/2026
"Nexus Data Centers, LLC","Michael Hoops, Attorney at Law, PLLC",397,7/2/2026,8/1/2026,Jul 2026,Bill,Corporate : Legal,"1,750.00 ","1,750.00 ",Paid In Full,Flat rate,8/14/2026
"Nexus Land Holdings, LLC","Star Tex Propane, LLC",463227,7/2/2026,,Jul 2026,Bill,Infrastructure : Site Services - Infra,110.00 ,110.00 ,Paid In Full,Recurring Charge for Tank #96379,7/24/2026
"Nexus Apex Holdings, LLC","TriArc Construction, LLC",TriArc-001,7/2/2026,8/1/2026,Jul 2026,Bill,Development : Construction : Construction Procore,"825,153.08 ",0.00 ,Open,1st application to pay,
Nexus Alpha I LLC,Liberty Mutual Insurance Company,000424,7/3/2026,8/1/2026,Jul 2026,Bill,Development : Insurance,"5,103.00 ",0.00 ,Open,workers comp,
Nexus Bastion Holdings LLC,Datasite LLC,INV-949205,7/5/2026,8/4/2026,Jul 2026,Bill,Corporate : Finance,107.88 ,107.88 ,Paid In Full,01-Jun-26 to 30-Jun-26,7/31/2026
Nexus Alpha I LLC,Datasite LLC,INV-950504,7/5/2026,8/4/2026,Jul 2026,Bill,Corporate : Finance,"33,949.22 ","33,949.22 ",Paid In Full,June 2026,7/31/2026
"Nexus Data Centers, LLC",Texas Elite Graphics & Signs,42108,7/6/2026,8/5/2026,Jul 2026,Bill,Corporate : Marketing / Branding,"22,083.00 ","22,083.00 ",Paid In Full,Signage,7/31/2026
"Nexus Hubbard Power, LLC",Everllence USA INC,6803723,7/6/2026,7/17/2026,Jul 2026,Bill,Development : Asset Procurement : Asset Procurement Procore,"250,461.32 ","250,461.32 ",Paid In Full,Equipment Supply Contract  5306425- body of contract (9/26/2025) - 13 units and change order,7/30/2026
Nexus Alpha I LLC,Marsh USA LLC,801029763907,7/6/2026,7/31/2026,Jul 2026,Bill,Operations : Insurance,"4,709,047.50 ","4,709,047.50 ",Paid In Full,DSU Addition to builders risk,7/31/2026
"Nexus Apex Holdings, LLC",FastSigns,EST-146707,7/6/2026,7/6/2026,Jul 2026,Bill,Corporate : Marketing / Branding,"5,212.24 ","5,212.24 ",Paid In Full,Installation & Work on Design,7/6/2026
"Nexus Data Centers, LLC",Venara LLC,VEN-008,7/6/2026,7/21/2026,Jul 2026,Bill,Corporate : Workforce,"53,000.00 ","53,000.00 ",Paid In Full,Recruitment Fee,7/24/2026
"Nexus Data Centers, LLC",Venara LLC,VEN-009,7/6/2026,7/21/2026,Jul 2026,Bill,Corporate : Workforce,"47,000.00 ","47,000.00 ",Paid In Full,Recruitment Fee,7/17/2026
Nexus Data Centers Hubbard LLC,Kwant,2026-076R,7/7/2026,,Jul 2026,Bill,Development : Asset Procurement : Asset Procurement Procore,"109,264.87 ","109,264.87 ",Paid In Full,Enterprise plan,8/6/2026
Nexus Data Centers Hubbard LLC,Kwant,2026-103,7/7/2026,,Jul 2026,Bill,Development : Asset Procurement : Asset Procurement Procore,"17,320.00 ","17,320.00 ",Paid In Full,badges,8/6/2026
Nexus Alpha I LLC,Michels Construction inc,21265108,7/7/2026,8/7/2026,Jul 2026,Bill,Development : Construction : Construction Procore,"83,880.00 ",0.00 ,Open,Network Design to Project Apex,
"Nexus Data Centers, LLC",Oracle NetSuite,2537244,7/7/2026,8/6/2026,Jul 2026,Bill,Corporate : IT : Services / License,"14,913.33 ","14,913.33 ",Paid In Full,Cloud Service/General user access,7/31/2026
Nexus Data Centers Hubbard LLC,Vision Integrated Systems,2554,7/7/2026,7/7/2026,Jul 2026,Bill,Development : Site Services : Site Services Procore,"152,308.48 ","152,308.48 ",Paid In Full,Security System Holdings,7/31/2026
"Nexus Hubbard Power, LLC",Creatum Solar LLC,260522_001,7/7/2026,8/6/2026,Jul 2026,Bill,Development : Asset Procurement : Asset Procurement Procore,"2,136,130.53 ","2,136,130.53 ",Paid In Full,Long Lead Items - Installation Materials for BESS phase 1A,7/31/2026
"Nexus Hubbard Power, LLC",Creatum Solar LLC,260706_001,7/7/2026,8/6/2026,Jul 2026,Bill,Development : Asset Procurement : Asset Procurement Procore,"1,094,611.80 ","1,094,611.80 ",Paid In Full,Mobilization for BESS installation,7/31/2026
Nexus Data Centers Hubbard LLC,Industrial Electrical Supply,26602,7/7/2026,8/6/2026,Jul 2026,Bill,Development : Asset Procurement : Asset Procurement Procore,"3,989,888.95 ","3,989,888.95 ",Paid In Full,30 percent due upon readiness for shipment,8/10/2026
"Nexus Hubbard Power, LLC",Primoris Energy Service Corporation,43427-06,7/7/2026,8/6/2026,Jul 2026,Bill,Development : Construction : Construction Procore,"1,496,151.64 ","1,496,151.64 ",Paid In Full,LNTP 02-16-2026,8/7/2026
"Nexus Hubbard Power, LLC",Primoris Energy Service Corporation,50259001-7,7/7/2026,8/6/2026,Jul 2026,Bill,Development : Construction : Construction Procore,"7,471,199.26 ","7,471,199.26 ",Paid In Full,Period ending 6/30,8/7/2026
"Nexus Land Holdings, LLC",Champion Energy Services,Champion-07-07-26,7/7/2026,7/22/2026,Jul 2026,Bill,Infrastructure : Utilities - Infra,338.53 ,338.53 ,Paid In Full,July Payments,7/7/2026
"Nexus Land Holdings, LLC",Earnest Richardson,check 1104,7/7/2026,7/7/2026,Jul 2026,Bill,Infrastructure : Residential Improvements - Infra,"1,500.00 ","1,500.00 ",Paid In Full,paid via check 1104,7/7/2026
"Nexus Land Holdings, LLC",Earnest Richardson,check 1105,7/7/2026,7/7/2026,Jul 2026,Bill,Infrastructure : Residential Improvements - Infra,"2,275.00 ","2,275.00 ",Paid In Full,paid via check 1105,7/7/2026
"Nexus Land Holdings, LLC",R&H Pro Clean,01,7/8/2026,7/8/2026,Jul 2026,Bill,Infrastructure : Site Services - Infra,"2,820.64 ","2,820.64 ",Paid In Full,City Civic Center Deep Clean,7/17/2026
"Nexus Data Centers, LLC",CT LIEN SOLUTIONS,04360823,7/8/2026,8/7/2026,Jul 2026,Bill,Corporate : Legal,136.80 ,0.00 ,Open,Lien Services,
"Nexus Apex Holdings, LLC",AFCO Credit Corporation,1180688-070826,7/8/2026,7/23/2026,Jul 2026,Bill,Corporate : Finance,"4,763,888.04 ","4,763,888.04 ",Paid In Full,Loan Payment 7/8/26,7/24/2026
"Nexus Land Holdings, LLC",Serna Serrvices,18947,7/8/2026,8/3/2026,Jul 2026,Bill,Infrastructure : Site Services - Infra,"1,055.44 ","1,055.44 ",Paid In Full,Service Call With Repairs,8/7/2026
Nexus Alpha I LLC,Exhibit Technologies,4512,7/8/2026,8/8/2026,Jul 2026,Bill,Development : Utilities : Utilities Gen,"7,948.80 ","7,948.80 ",Paid In Full,warehouse graphics,8/14/2026
"Nexus Land Holdings, LLC",Hill County Pest and Termite,8371,7/8/2026,8/7/2026,Jul 2026,Bill,Infrastructure : Site Services - Infra,178.56 ,178.56 ,Paid In Full,Quarterly Service,8/7/2026
"Nexus Land Holdings, LLC",Hill County Pest and Termite,8372,7/8/2026,8/7/2026,Jul 2026,Bill,Infrastructure : Site Services - Infra,178.56 ,178.56 ,Paid In Full,Quarterly Service,8/7/2026
"Nexus Data Centers, LLC",NextWave Partners USA Inc,CINV2661-000016,7/8/2026,8/7/2026,Jul 2026,Bill,Corporate : Workforce,"46,000.00 ","46,000.00 ",Paid In Full,Recruitment Fee,8/7/2026
"Nexus Land Holdings, LLC",Post Oak Special Utility District,Check 1107,7/8/2026,7/8/2026,Jul 2026,Bill,Infrastructure : Utilities - Infra,133.02 ,133.02 ,Paid In Full,paid via check 1107,7/8/2026
"Nexus Land Holdings, LLC",Rachel Massey,RM070826,7/8/2026,7/8/2026,Jul 2026,Bill,Infrastructure : Site Services - Infra,"1,116.14 ","1,116.14 ",Paid In Full,06/25/26 ? 07/08/26,7/17/2026
"Nexus Land Holdings, LLC",Post Oak Special Utility District,check 1106,7/8/2026,7/8/2026,Jul 2026,Bill,Infrastructure : Utilities - Infra,40.00 ,40.00 ,Paid In Full,paid via check 1106,7/8/2026
"Nexus Land Holdings, LLC",Post Oak Special Utility District,check 1108,7/8/2026,7/8/2026,Jul 2026,Bill,Infrastructure : Utilities - Infra,98.68 ,98.68 ,Paid In Full,paid via check 1108,7/8/2026
"Nexus Land Holdings, LLC",Post Oak Special Utility District,check 1109,7/8/2026,7/8/2026,Jul 2026,Bill,Infrastructure : Utilities - Infra,45.22 ,45.22 ,Paid In Full,paid via check 1109,7/8/2026
"Nexus Land Holdings, LLC",Post Oak Special Utility District,check 1110,7/8/2026,7/8/2026,Jul 2026,Bill,Infrastructure : Utilities - Infra,40.43 ,40.43 ,Paid In Full,paid via check 1110,7/8/2026
"Nexus Land Holdings, LLC",Post Oak Special Utility District,check 1111,7/8/2026,7/8/2026,Jul 2026,Bill,Infrastructure : Utilities - Infra,40.00 ,40.00 ,Paid In Full,paid via check 1111,7/8/2026
"Nexus Land Holdings, LLC",Post Oak Special Utility District,check 1112,7/8/2026,7/8/2026,Jul 2026,Bill,Infrastructure : Utilities - Infra,63.03 ,63.03 ,Paid In Full,paid via check 1112,7/8/2026
"Nexus Land Holdings, LLC",Post Oak Special Utility District,check 1113,7/8/2026,7/8/2026,Jul 2026,Bill,Infrastructure : Utilities - Infra,40.00 ,40.00 ,Paid In Full,paid via check 1113,7/8/2026
"Nexus Land Holdings, LLC",Post Oak Special Utility District,check 1114,7/8/2026,7/8/2026,Jul 2026,Bill,Infrastructure : Utilities - Infra,40.00 ,40.00 ,Paid In Full,paid via check 1114,7/8/2026
"Nexus Land Holdings, LLC",Post Oak Special Utility District,check 1115,7/8/2026,7/8/2026,Jul 2026,Bill,Infrastructure : Utilities - Infra,40.00 ,40.00 ,Paid In Full,paid via check 1115,7/8/2026
"Nexus Land Holdings, LLC",The Noble Savage,#000002,7/9/2026,7/15/2026,Jul 2026,Bill,Corporate : Marketing / Branding,974.25 ,974.25 ,Paid In Full,Sandwich meal with  dessert,7/24/2026
"Nexus Data Centers, LLC","Oracle America, Inc",102610820,7/9/2026,8/8/2026,Jul 2026,Bill,Corporate : IT : Services / License,"31,917.47 ","31,917.47 ",Paid In Full,Primavera P6 Enterprise Project Portfolio Management,8/7/2026
Nexus Data Centers Hubbard LLC,CorePhase Enterprises LLC,2025-NEX-001-008,7/9/2026,7/24/2026,Jun 2026,Bill,Development : Project Management : Project Management Procore,"650,113.24 ","650,113.24 ",Paid In Full,Billing period 5.30.26 - 6.26.26,8/6/2026
"Nexus Data Centers, LLC",NextWave Partners USA Inc,CINV2661-000018,7/9/2026,8/8/2026,Jul 2026,Bill,Corporate : Workforce,"42,000.00 ","42,000.00 ",Paid In Full,Placement Fee,8/7/2026
"Nexus Data Centers, LLC",NextWave Partners USA Inc,CINV2661-000019,7/9/2026,8/8/2026,Jul 2026,Bill,Corporate : Workforce,"44,000.00 ","44,000.00 ",Paid In Full,Placement Fee,8/7/2026
"Nexus Data Centers, LLC",Signature Aspen,INV131132,7/9/2026,7/9/2026,Jul 2026,Bill,Corporate : Marketing / Branding,331.96 ,331.96 ,Paid In Full,Sintra Prints,7/31/2026
"Nexus Land Holdings, LLC",The Noble Savage,#000003,7/10/2026,7/16/2026,Jul 2026,Bill,Corporate : Marketing / Branding,"2,165.00 ","2,165.00 ",Paid In Full,2 meat lunch plate  with dessert,7/24/2026
"Nexus Data Centers, LLC",Business Branders LLC,10074,7/10/2026,8/9/2026,Jul 2026,Bill,Corporate : Marketing / Branding,"1,326.02 ","1,326.02 ",Paid In Full,Twill Caps,8/7/2026
"Nexus Hubbard Power, LLC","Maverick Constructors, LLC",1139-WTG-MAY-003,7/10/2026,7/25/2026,Jul 2026,Bill,Development : Construction : Construction Procore,"4,609,022.11 ","4,609,022.11 ",Paid In Full,,8/12/2026
"Nexus Hubbard Power, LLC","Exp U.S. Services, Inc.",166749,7/10/2026,12/8/2025,Jul 2026,Bill,Development : Engineering : Engineering Procore,"71,393.75 ","71,393.75 ",Paid In Full,"Professional Services from April 25, 2026 to June 26, 2026",8/7/2026
"Nexus Hubbard Power, LLC","Exp U.S. Services, Inc.",166750,7/10/2026,,Jul 2026,Bill,Development : Engineering : Engineering Procore,"19,778.00 ","19,778.00 ",Paid In Full,"Professional Services from April 25, 2026 to May 29, 202",8/7/2026
Nexus Data Centers Hubbard LLC,Industrial Electrical Supply,26641,7/10/2026,8/9/2026,Jul 2026,Bill,Development : Asset Procurement : Asset Procurement Procore,"71,962,718.98 ","71,962,718.98 ",Paid In Full,PROGRESS PAYMENT 30% UPON PO EXECUTION FOR HB3&4 MV SWGEAR,8/10/2026
Nexus Data Centers Hubbard LLC,Industrial Electrical Supply,26642,7/10/2026,8/9/2026,Jul 2026,Bill,Development : Asset Procurement : Asset Procurement Procore,"1,662,866.47 ","1,662,866.47 ",Paid In Full,30% UPON PO EXECUTION FOR HB3&4 GENS,8/10/2026
Nexus Data Centers Hubbard LLC,Industrial Electrical Supply,26643,7/10/2026,8/9/2026,Jul 2026,Bill,Development : Asset Procurement : Asset Procurement Procore,"18,676,858.18 ","18,676,858.18 ",Paid In Full,30% UPON PO EXECUTION FOR HB3&4 UPS/INVERTERS,8/10/2026
Nexus Data Centers Hubbard LLC,Industrial Electrical Supply,26644,7/10/2026,8/9/2026,Jul 2026,Bill,Development : Asset Procurement : Asset Procurement Procore,"38,002,169.41 ","38,002,169.41 ",Paid In Full,30% UPON PO EXECUTION,8/10/2026
"Nexus Data Centers, LLC",Texas Elite Graphics & Signs,42138,7/10/2026,8/9/2026,Jul 2026,Bill,Corporate : Marketing / Branding,129.90 ,129.90 ,Paid In Full,Magnets/Stickers,8/7/2026
"Nexus Land Holdings, LLC",Champion Energy Services,Champion 07-10-26,7/10/2026,7/25/2026,Jul 2026,Bill,Infrastructure : Utilities - Infra,265.18 ,265.18 ,Paid In Full,July Payments,7/10/2026
"Nexus Data Centers, LLC","LoadSpring Solutions, Inc",INV016752,7/10/2026,8/9/2026,Jul 2026,Bill,Corporate : IT : Services / License,"2,251.40 ","2,251.40 ",Paid In Full,Oracle|Primavera P6 EPPM Environment,8/7/2026
"Nexus Land Holdings, LLC",Earnest Richardson,check 1117,7/10/2026,7/10/2026,Jul 2026,Bill,Infrastructure : Residential Improvements - Infra,"1,472.00 ","1,472.00 ",Paid In Full,paid via check 1117,7/10/2026
"Nexus Land Holdings, LLC",Brian Stroud,check 1120,7/10/2026,7/10/2026,Jul 2026,Bill,Infrastructure : Residential Improvements - Infra,"2,800.00 ","2,800.00 ",Paid In Full,paid via check 1120,7/10/2026
Nexus Data Centers Hubbard LLC,Industrial Electrical Supply,26653,7/12/2026,8/11/2026,Jul 2026,Bill,Development : Asset Procurement : Asset Procurement Procore,"19,876,088.54 ","19,876,088.54 ",Paid In Full,30% UPON PO EXECUTION,8/10/2026
Nexus Data Centers Hubbard LLC,Industrial Electrical Supply,26654,7/12/2026,8/11/2026,Jul 2026,Bill,Development : Asset Procurement : Asset Procurement Procore,"27,626,805.23 ","27,626,805.23 ",Paid In Full,30% UPON PO EXECUTION,8/10/2026
Nexus Data Centers Hubbard LLC,Industrial Electrical Supply,26655,7/12/2026,8/11/2026,Jul 2026,Bill,Development : Asset Procurement : Asset Procurement Procore,"1,119,598.00 ","1,119,598.00 ",Paid In Full,30% UPON PO EXECUTION,8/10/2026
"Nexus Land Holdings, LLC",Cafe Cappuccino,#000025,7/13/2026,7/14/2026,Jul 2026,Bill,Corporate : Marketing / Branding,"4,206.44 ","4,206.44 ",Paid In Full,Custom catering for 7/14 and 7/15/26,7/24/2026
"Nexus Land Holdings, LLC",R&H Pro Clean,03,7/13/2026,7/13/2026,Jul 2026,Bill,Infrastructure : Site Services - Infra,"2,489.36 ","2,489.36 ",Paid In Full,City Civic Center Deep Clean,7/17/2026
"Nexus Land Holdings, LLC",R&H Pro Clean,03-2,7/13/2026,7/13/2026,Jul 2026,Bill,Infrastructure : Site Services - Infra,609.10 ,609.10 ,Paid In Full,Facility Maintenance,7/17/2026
Nexus Data Centers Hubbard LLC,"Bron & Claude Engineering, LLC",0618,7/13/2026,8/12/2026,Jul 2026,Bill,Development : Engineering : Engineering Procore,"1,062,500.00 ","1,062,500.00 ",Paid In Full,25% Of Order,8/13/2026
"Nexus Data Centers, LLC",Butler Snow LLP,10535037,7/13/2026,7/13/2026,Jun 2026,Bill,Corporate : Legal,"1,488.20 ","1,488.20 ",Paid In Full,"Services Rendered Through June 30, 2026",7/31/2026
"Nexus Hubbard Power, LLC","Maverick Constructors, LLC",1153-WTG-MAY-002,7/13/2026,8/12/2026,Jul 2026,Bill,Development : Construction : Construction Procore,"1,569,961.17 ","1,569,961.17 ",Paid In Full,,8/12/2026
Nexus Data Centers Hubbard LLC,"HDR Engineering, Inc.",1200843761,7/13/2026,8/12/2026,Jul 2026,Bill,Development : Engineering : Engineering Procore,"1,112,988.20 ","1,112,988.20 ",Paid In Full,31-May-2026 To:    27-Jun-2026,8/6/2026
Nexus Data Centers Hubbard LLC,"HDR Engineering, Inc.",1200843763,7/13/2026,8/12/2026,Jul 2026,Bill,Development : Engineering : Engineering Procore,"1,378,250.00 ","1,378,250.00 ",Paid In Full,31-May-2026 To: 27-Jun-2026,8/6/2026
Nexus Data Centers Hubbard LLC,"HDR Engineering, Inc.",1200843766,7/13/2026,8/12/2026,Jul 2026,Bill,Development : Engineering : Engineering Procore,"526,955.00 ","526,955.00 ",Paid In Full,31-May-2026 To:   27-Jun-2026,8/6/2026
Nexus Data Centers Hubbard LLC,"HDR Engineering, Inc.",1200844274,7/13/2026,8/12/2026,Jul 2026,Bill,Development : Engineering : Engineering Procore,"676,472.90 ","676,472.90 ",Paid In Full,31-May-2026 To:   27-Jun-2026,8/6/2026
Nexus Data Centers Hubbard LLC,"HDR Engineering, Inc.",1200844346,7/13/2026,8/12/2026,Jul 2026,Bill,Development : Engineering : Engineering Procore,"348,400.94 ","348,400.94 ",Paid In Full,31-May-2026 To:   27-Jun-2026,8/6/2026
"Nexus Apex Holdings, LLC",Post Oak Special Utility District,365,7/13/2026,7/23/2026,Jul 2026,Bill,Operations : Utilities : Utilities Gen,"8,850.00 ","8,850.00 ",Paid In Full,Commercial Invoice - repairs,7/24/2026
"Nexus Apex Holdings, LLC",Post Oak Special Utility District,366,7/13/2026,7/13/2026,Jul 2026,Bill,Operations : Utilities : Utilities Gen,"14,160.00 ","14,160.00 ",Paid In Full,Commercial Invoice - repairs,7/24/2026
"Nexus Apex Holdings, LLC",Post Oak Special Utility District,367,7/13/2026,7/13/2026,Jul 2026,Bill,Operations : Utilities : Utilities Gen,"31,800.00 ","31,800.00 ",Paid In Full,Commercial Invoice - meter relocation,7/24/2026
"Nexus Apex Holdings, LLC",Marsh USA LLC,429056349348,7/13/2026,7/31/2026,Jul 2026,Bill,Operations : Insurance,"120,000.00 ",0.00 ,Pending Approval,Surety Invoice,
"Nexus Hubbard Power, LLC",Honeywell International Inc.,5273376708,7/13/2026,8/12/2026,Jul 2026,Bill,Development : Asset Procurement : Asset Procurement Gen,"654,105.36 ","654,105.36 ",Paid In Full,Hardware Order 1,8/7/2026
Nexus Data Centers Hubbard LLC,Carrier Corporation,910577280,7/13/2026,8/12/2026,Jul 2026,Bill,Development : Construction : Construction Procore,"111,448.80 ","111,448.80 ",Paid In Full,InvoiceMilestone:30%,8/13/2026
"Nexus Data Centers, LLC",Alice Allen Events,INV-00169,7/13/2026,7/13/2026,Jul 2026,Bill,Corporate : Marketing / Branding,"1,500.00 ","1,500.00 ",Paid In Full,Event Management: Catering,7/17/2026
"Nexus Data Centers, LLC",Venara LLC,VEN-011,7/13/2026,7/28/2026,Jul 2026,Bill,Corporate : Workforce,"50,000.00 ","50,000.00 ",Paid In Full,Recruitment Fee,7/24/2026
"Nexus Apex Holdings, LLC",Liberty Mutual Insurance Company,07202600,7/14/2026,7/23/2026,Jul 2026,Bill,Development : Insurance,"2,014,794.00 ","2,014,794.00 ",Paid In Full,Cash Collateral,7/24/2026
"Nexus Land Holdings, LLC",HUBBARD FARM AND RANCH LLC,15174,7/14/2026,7/14/2026,Jul 2026,Bill,Infrastructure : Site Services - Infra,223.92 ,223.92 ,Paid In Full,Site Services/Supplies,7/17/2026
"Nexus Data Centers, LLC",Arcus Advisors LLC,3477,7/14/2026,7/14/2026,Jul 2026,Bill,Corporate : Accounting,"18,300.00 ",0.00 ,Pending Approval,Consulting General and ERP April 6th  to Dec,
Nexus Alpha I LLC,"Foster Fence, LTD",40771.1,7/14/2026,8/13/2026,Jul 2026,Bill,Development : Construction : Construction Procore,"735,264.13 ",0.00 ,Open,Perimeter Fencing,
"Nexus Data Centers, LLC",NextWave Partners USA Inc,CINV2661-000021,7/14/2026,8/13/2026,Jul 2026,Bill,Corporate : Workforce,"29,000.00 ",0.00 ,Open,Placement Fee,
"Nexus Land Holdings, LLC",Frontier Waste Solutions,Frontier 7-14-26,7/14/2026,7/14/2026,Jul 2026,Bill,Infrastructure : Utilities - Infra,69.44 ,69.44 ,Paid In Full,July Payments,7/14/2026
"Nexus Land Holdings, LLC",Love and Thunder Apiary LLC,000025-R-0002,7/15/2026,8/1/2026,Jul 2026,Bill,Infrastructure : Site Services - Infra,520.16 ,520.16 ,Paid In Full,Hive maintenance,7/31/2026
"Nexus Land Holdings, LLC","1212 Property Services, LLC",1014,7/15/2026,7/30/2026,Jul 2026,Bill,Infrastructure : Site Services - Infra,"4,485.00 ","4,485.00 ",Paid In Full,Lawn Maintenance,7/31/2026
"Nexus Apex Holdings, LLC","Rountree Towers, Inc",1175,7/15/2026,7/15/2026,Jul 2026,Bill,Development : Fiber : Fiber Procore,"118,303.06 ","118,303.06 ",Paid In Full,Nexus IPMT Complex AL36,7/24/2026
"Nexus Data Centers, LLC","Ultera, llc",761,7/15/2026,8/14/2026,Jul 2026,Bill,Corporate : Workforce,"60,000.00 ",0.00 ,Open,Recruiting fees,
"Nexus Apex Holdings, LLC",Marsh USA LLC,801022752897,7/15/2026,8/15/2026,Jul 2026,Bill,Operations : Insurance,"42,946.00 ",0.00 ,Pending Approval,D&O Renewal,
"Nexus Land Holdings, LLC",City of Hubbard,City of Hub 7/15/26,7/15/2026,7/15/2026,Jul 2026,Bill,Infrastructure : Utilities - Infra,341.91 ,341.91 ,Paid In Full,July Payments,7/15/2026
"Nexus Land Holdings, LLC",Frontier Waste Solutions,Frontier 7-8-26,7/15/2026,7/15/2026,Jul 2026,Bill,Infrastructure : Utilities - Infra,921.11 ,921.11 ,Paid In Full,July Payments,7/8/2026
Nexus Alpha I LLC,John Bailes,JB-INV-2,7/15/2026,7/28/2026,Jul 2026,Bill,Corporate : Workforce,260.00 ,260.00 ,Paid In Full,Hubbard PD off-duty officer hours,7/30/2026
"Nexus Land Holdings, LLC",Rachel Massey,RM071526,7/15/2026,7/15/2026,Jul 2026,Bill,Infrastructure : Site Services - Infra,169.17 ,169.17 ,Paid In Full,Farm Chores,7/17/2026
Nexus Data Centers Hubbard LLC,"Bron & Claude Engineering, LLC",0620,7/16/2026,8/15/2026,Jul 2026,Bill,Development : Engineering : Engineering Procore,"54,000.00 ","54,000.00 ",Paid In Full,issuance of IFR and IFC Packages,8/13/2026
Nexus Alpha I LLC,"Rountree Towers, Inc",1152,7/16/2026,8/15/2026,Jul 2026,Bill,Development : Fiber : Fiber Procore,"5,900.79 ",0.00 ,Open,Fiber - Grounding Package,
"Nexus Apex Holdings, LLC","Rountree Towers, Inc",1176,7/16/2026,7/16/2026,Jul 2026,Bill,Development : Fiber : Fiber Procore,"32,475.00 ","32,475.00 ",Paid In Full,Nexus_IPMT_AL-36 CO-001,7/24/2026
"Nexus Data Centers, LLC",Skadden,2083041,7/16/2026,7/16/2026,Jun 2026,Bill,Corporate : Legal,"2,472.00 ","2,472.00 ",Paid In Full,"services performed from June 1, 2026 through June 30, 2026",7/24/2026
"Nexus Data Centers, LLC",Holland & Knight LLP,33994114,7/16/2026,7/16/2026,Jun 2026,Bill,Corporate : Legal,"5,431.00 ","5,431.00 ",Paid In Full,"professional services rendered through June 30, 2026",7/31/2026
"Nexus Data Centers, LLC","SL Domain Tower II, LP",7/7/26 Inv,7/16/2026,,Jul 2026,Bill,Corporate,"500,000.00 ","500,000.00 ",Paid In Full,500K excess build out costs,7/8/2026
"Nexus Land Holdings, LLC",Navasota Valley Electric (Auto Pay),Nav 07-16-26,7/16/2026,7/16/2026,Jul 2026,Bill,Infrastructure : Utilities - Infra,"1,029.08 ","1,029.08 ",Paid In Full,Navasota July Payments,7/16/2026
"Nexus Hubbard Power, LLC",SLR international corporation,10028569,7/17/2026,8/16/2026,Jul 2026,Bill,Development : Engineering : Engineering Procore,"246,988.87 ","246,988.87 ",Paid In Full,PSD Air Permitting,8/14/2026
"Nexus Data Centers, LLC",Business Branders LLC,10089,7/17/2026,8/16/2026,Jul 2026,Bill,Corporate : Marketing / Branding,"4,606.78 ",0.00 ,Open,Branded Gear,
"Nexus Data Centers, LLC",Business Branders LLC,10090,7/17/2026,8/16/2026,Jul 2026,Bill,Corporate : Marketing / Branding,"6,049.72 ",0.00 ,Open,Branded Gear,
"Nexus Data Centers, LLC",Duvera Consulting LLC,260702,7/17/2026,8/1/2026,Jul 2026,Bill,Corporate : Workforce,"60,000.00 ","60,000.00 ",Paid In Full,Recruiting fees,7/31/2026
"Nexus Hubbard Power, LLC",Primoris Energy Service Corporation,43427-12,7/17/2026,8/16/2026,Jul 2026,Bill,Development : Construction : Construction Procore,"49,539.68 ","47,062.70 ",Paid In Full,Design-Build,8/14/2026
"Nexus Hubbard Power, LLC",Primoris Energy Service Corporation,43427-13,7/17/2026,8/16/2026,Jul 2026,Bill,Development : Construction : Construction Procore,"1,678,020.05 ","1,594,119.05 ",Paid In Full,Design-Build,8/14/2026
"Nexus Data Centers, LLC",Datamation Technologies,4817,7/17/2026,7/27/2026,Jul 2026,Bill,Corporate : IT : Assets,"72,417.44 ","72,417.44 ",Paid In Full,Laptops,7/24/2026
"Nexus Data Centers, LLC",Datamation Technologies,4818,7/17/2026,7/27/2026,Jul 2026,Bill,Corporate : IT : Assets,"2,899.87 ","2,899.87 ",Paid In Full,Hardware,7/24/2026
"Nexus Data Centers, LLC",Datamation Technologies,4819,7/17/2026,7/27/2026,Jul 2026,Bill,Corporate : IT : Assets,"15,357.98 ","15,357.98 ",Paid In Full,Monitors & Keyboard combos,7/24/2026
"Nexus Data Centers, LLC",Datamation Technologies,4820,7/17/2026,7/27/2026,Jul 2026,Bill,Corporate : IT : Assets,"9,864.10 ","9,864.10 ",Paid In Full,Monitors & Keyboard combos,7/24/2026
"Nexus Land Holdings, LLC","Roger A. Soape, Inc.",5112,7/17/2026,7/17/2026,Jul 2026,Bill,Infrastructure : Site Services - Infra,"2,566.73 ","2,566.73 ",Paid In Full,Mineral title research 6/15 - 6/28,7/24/2026
Nexus Data Centers Hubbard LLC,Carrier Corporation,910546068,7/17/2026,8/7/2026,Jul 2026,Bill,Development : Construction : Construction Procore,"246,034.45 ","246,034.45 ",Paid In Full,30% Milestone,8/13/2026
"Nexus Land Holdings, LLC",Love and Thunder Apiary LLC,000027,7/19/2026,7/19/2026,Jul 2026,Bill,Infrastructure : Site Services - Infra,324.75 ,324.75 ,Paid In Full,Bee Extraction,7/31/2026
"Nexus Data Centers, LLC",Datamation Technologies,4821,7/19/2026,7/29/2026,Jul 2026,Bill,Corporate : IT : Assets,"11,642.94 ","11,642.94 ",Paid In Full,LAPTOPS,7/24/2026
"Nexus Data Centers, LLC",Datamation Technologies,4822,7/19/2026,7/29/2026,Jul 2026,Bill,Corporate : IT : Assets,"5,146.24 ","5,146.24 ",Paid In Full,Hardware,7/24/2026
"Nexus Data Centers, LLC",CT LIEN SOLUTIONS,04364726,7/20/2026,8/19/2026,Jul 2026,Bill,Corporate : Legal,658.90 ,0.00 ,Open,Lien Services,
"Nexus Data Centers, LLC",Saitas and Seales Inc.,07202026,7/20/2026,7/20/2026,Jul 2026,Bill,Corporate : Legal,"4,000.00 ","4,000.00 ",Paid In Full,Environmental Regulatory services,7/31/2026
"Nexus Data Centers, LLC",Business Branders LLC,10098,7/20/2026,8/19/2026,Jul 2026,Bill,Corporate : Marketing / Branding,"3,551.52 ",0.00 ,Open,Branded Gear,
"Nexus Data Centers, LLC",Business Branders LLC,10101,7/20/2026,8/19/2026,Jul 2026,Bill,Corporate : Marketing / Branding,"5,043.48 ",0.00 ,Open,Branded Gear,
"Nexus Hubbard Power, LLC","Accelerated Mobile Power, LLC",2200100,7/20/2026,7/31/2026,Jul 2026,Bill,Operations : Power : Power Gen,"19,800,000.00 ","19,800,000.00 ",Paid In Full,Reservation Fee,7/30/2026
"Nexus Data Centers, LLC",Signature Aspen,INV131116,7/20/2026,8/19/2026,Jul 2026,Bill,Corporate : Marketing / Branding,542.16 ,0.00 ,Open,Nexus Business Cards,
"Nexus Data Centers, LLC",Signature Aspen,INV131152,7/20/2026,8/19/2026,Jul 2026,Bill,Corporate : Marketing / Branding,349.17 ,0.00 ,Open,Nexus Business Cards,
"Nexus Data Centers, LLC",PwC US Tax LLP,208A222226,7/21/2026,8/20/2026,Jul 2026,Bill,Corporate : Accounting,"12,290.00 ",0.00 ,Pending Approval,"services performed from June 1, 2026 through June 30, 2026",
Nexus Data Centers Hubbard LLC,Industrial Electrical Supply,26736,7/21/2026,8/20/2026,Jul 2026,Bill,Development : Asset Procurement : Asset Procurement Procore,"3,906,800.00 ",0.00 ,Pending Approval,10% PROGRESS PAYMENT ON DELIVERY ACCEPTANCE,
Nexus Data Centers Hubbard LLC,Industrial Electrical Supply,26741,7/21/2026,8/20/2026,Jul 2026,Bill,Development : Asset Procurement : Asset Procurement Procore,"32,554,147.56 ",0.00 ,Open,50% upon commencement of physical fabrication,
"Nexus Land Holdings, LLC",ONPOINT Transactions LLC,4086,7/21/2026,7/21/2026,Jul 2026,Bill,Infrastructure : Site Services - Infra,256.88 ,256.88 ,Paid In Full,Expense - Open To Close,7/24/2026
Nexus Alpha I LLC,"Fitch Ratings, Inc.",7119125995,7/21/2026,8/20/2026,Jul 2026,Bill,Corporate : Finance,"50,000.00 ",0.00 ,Pending Approval,Retainer Fee,
"Nexus Apex Holdings, LLC",Marsh USA LLC,801029437765,7/21/2026,8/30/2026,Jul 2026,Bill,Operations : Insurance,"372,898.64 ",0.00 ,Pending Approval,Environmental Addition for IXP/Bastion,
"Nexus Apex Holdings, LLC",John Bailes,JB-INV 1,7/21/2026,7/21/2026,Jul 2026,Bill,Corporate : Workforce,682.50 ,682.50 ,Paid In Full,,7/24/2026
"Nexus Apex Holdings, LLC",Matthew B Cosper,MC-INV-1,7/21/2026,7/21/2026,Jul 2026,Bill,Corporate : Workforce,390.00 ,390.00 ,Paid In Full,Hubbard PD off duty officer,7/24/2026
"Nexus Data Centers, LLC","Sixthriver, Inc",00033745,7/22/2026,8/21/2026,Jul 2026,Bill,Corporate : HQ / Office,"15,095.76 ",0.00 ,Pending Approval,Design Services,
"Nexus Land Holdings, LLC",Luisa V Savage,10,7/22/2026,7/22/2026,Jul 2026,Bill,Infrastructure : Site Services - Infra,"2,014.80 ","2,014.80 ",Paid In Full,Site services,7/31/2026
"Nexus Data Centers, LLC",wework,202600002744,7/22/2026,7/22/2026,Jul 2026,Bill,Corporate : HQ / Office,"3,170.00 ","3,170.00 ",Paid In Full,Member Service Retainer for Office,7/24/2026
"Nexus Land Holdings, LLC",R&H Pro Clean,04,7/23/2026,7/23/2026,Jul 2026,Bill,Infrastructure : Site Services - Infra,800.16 ,800.16 ,Paid In Full,Routine Maintenance Clean,7/31/2026
"Nexus Land Holdings, LLC",American Craftsmen,2263-2,7/23/2026,7/23/2026,Jul 2026,Bill,Infrastructure : Site Services - Infra,"34,114.00 ","34,114.00 ",Paid In Full,HUB-20 Labor and materials to remodel 569 (Kidd) property,7/31/2026
"Nexus Apex Holdings, LLC",AKIN GUMP STRAUSS HAUER & FELD LLP,0026,7/24/2026,7/24/2026,Jul 2026,Bill,Corporate : Legal,"61,528.00 ","61,528.00 ",Paid In Full,"legal services related to Hill County, TX transaction",7/31/2026
"Nexus Data Centers, LLC",Business Branders LLC,10107,7/24/2026,8/23/2026,Jul 2026,Bill,Corporate : Marketing / Branding,"3,261.36 ",0.00 ,Pending Approval,Shirts,
"Nexus Land Holdings, LLC",ROCKIN' B SURVEY,2026-422,7/24/2026,7/24/2026,Jul 2026,Bill,Infrastructure : Acquisition costs - Infra,"19,506.65 ",0.00 ,Pending Approval,BOUNDARY SURVEY,
"Nexus Data Centers, LLC",Duvera Consulting LLC,260706,7/24/2026,8/8/2026,Jul 2026,Bill,Corporate : Workforce,"85,000.00 ","85,000.00 ",Paid In Full,Recruiting fees,8/7/2026
Nexus Data Centers Hubbard LLC,Industrial Electrical Supply,26791,7/24/2026,8/23/2026,Jul 2026,Bill,Development : Asset Procurement : Asset Procurement Procore,"9,938,044.12 ",0.00 ,Pending Approval,30% UPON COMMENCEMENT OF FAB,
Nexus Data Centers Hubbard LLC,Industrial Electrical Supply,26792,7/24/2026,8/23/2026,Jul 2026,Bill,Development : Asset Procurement : Asset Procurement Procore,"35,981,359.49 ",0.00 ,Pending Approval,30% UPON COMMENCEMENT OF FAB,
"Nexus Data Centers, LLC",Marcela M Resenos,4,7/24/2026,8/15/2026,Jul 2026,Bill,Corporate : Corporate,"11,250.00 ",0.00 ,Pending Approval,July Invoice,
"Nexus Hubbard Power, LLC",Everllence USA INC,6803743,7/24/2026,8/7/2026,Jul 2026,Bill,Development : Asset Procurement : Asset Procurement Procore,"75,833.00 ","75,833.00 ",Paid In Full,Integration of Profinet in CCP,8/14/2026
"Nexus Hubbard Power, LLC",Everllence USA INC,6803744,7/24/2026,8/7/2026,Jul 2026,Bill,Development : Asset Procurement : Asset Procurement Procore,"64,167.00 ","64,167.00 ",Paid In Full,Change Order #004: Integration of Profinet in CCP,8/10/2026
"Nexus Data Centers, LLC",ANTHROPIC PBC,G7QJRQAW-0113,7/24/2026,8/23/2026,Jul 2026,Bill,Corporate : IT : Services / License,"11,087.92 ",0.00 ,Pending Approval,Claude Enterprise,
"Nexus Data Centers, LLC",Samuel Lynne Galleries,3856,7/25/2026,7/25/2026,Jul 2026,Bill,Corporate : HQ / Office,"43,841.25 ","43,841.25 ",Paid In Full,David Yarrow - Art,7/31/2026
"Nexus Apex Holdings, LLC",Milbank,01056491,7/27/2026,7/27/2026,Jul 2026,Bill,Corporate : Legal,"57,124.75 ",0.00 ,Open,"Professional Services and Expenses through July 27, 2026",
"Nexus Land Holdings, LLC",Serna Serrvices,18965,7/27/2026,8/5/2026,Jul 2026,Bill,Infrastructure : Site Services - Infra,"1,100.00 ","1,100.00 ",Paid In Full,Commercial Diagnostic Service,8/7/2026
"Nexus Data Centers, LLC","Rand Group, LLC",215796,7/27/2026,7/27/2026,Jul 2026,Bill,Corporate : Accounting,"7,500.00 ",0.00 ,Pending Approval,Deposit,
Nexus Data Centers Hubbard LLC,Industrial Electrical Supply,26813,7/27/2026,8/26/2026,Jul 2026,Bill,Development : Asset Procurement : Asset Procurement Procore,"861,932.61 ",0.00 ,Pending Approval,50 percent due upon commencement of physical  fabrication,
"Nexus Data Centers, LLC",Bright Event Rentals,465441-11,7/27/2026,7/27/2026,Jul 2026,Bill,Corporate : Marketing / Branding,"3,895.61 ","3,895.61 ",Paid In Full,Investor Day - final invoice,7/31/2026
"Nexus Data Centers, LLC",Bright Event Rentals,465767-86,7/27/2026,7/27/2026,Jul 2026,Bill,Corporate : Marketing / Branding,792.65 ,792.65 ,Paid In Full,Investor Day - final invoice,7/31/2026
"Nexus Data Centers, LLC","Ultera, llc",762,7/27/2026,8/11/2026,Jul 2026,Bill,Corporate : Workforce,"53,000.00 ","53,000.00 ",Paid In Full,Recruiting fees,8/7/2026
"Nexus Data Centers, LLC",NextWave Partners USA Inc,CINV2661-000022,7/27/2026,8/26/2026,Jul 2026,Bill,Corporate : Workforce,"48,000.00 ",0.00 ,Pending Approval,Placement Fee,
"Nexus Land Holdings, LLC",HUBBARD FARM AND RANCH LLC,15533,7/28/2026,7/28/2026,Jul 2026,Bill,Infrastructure : Site Services - Infra,19.49 ,19.49 ,Paid In Full,WIRE MARKING FLAGS - July Purchase,7/31/2026
Nexus Alpha I LLC,Matthew B Cosper,MC-INV-2,7/28/2026,7/28/2026,Jul 2026,Bill,Corporate : Workforce,65.00 ,65.00 ,Paid In Full,Hubbard PD off duty officer,7/30/2026
"Nexus Data Centers, LLC",Robert Havlick,2026-07-003,7/29/2026,,Jul 2026,Bill,Corporate : Workforce,"21,070.91 ","21,070.91 ",Paid In Full,Insurance Management Guidance,8/14/2026
"Nexus Data Centers, LLC",Arcus Advisors LLC,3496,7/29/2026,7/29/2026,Jul 2026,Bill,Corporate : Accounting,"19,162.50 ",0.00 ,Pending Approval,Consulting General and ERP April 6th  to Dec,
"Nexus Apex Holdings, LLC",Leidos Engineering,400236.AP-0001,7/29/2026,7/29/2026,Jul 2026,Bill,Corporate : Finance,"75,000.00 ",0.00 ,Open,Financial Reporting,
"Nexus Land Holdings, LLC","1212 Property Services, LLC",1015,7/31/2026,8/15/2026,Jul 2026,Bill,Infrastructure : Site Services - Infra,"2,857.40 ",0.00 ,Pending Approval,Reoccurring Lawn Maintenance,
"Nexus Data Centers, LLC",Butler Snow LLP,10538265,7/31/2026,7/31/2026,Jul 2026,Bill,Corporate : Legal,"50,000.00 ","50,000.00 ",Paid In Full,"Services Rendered Through July 31, 2026",8/7/2026
"Nexus Land Holdings, LLC","Trapp Law Firm, PC",1218,7/31/2026,8/30/2026,Jul 2026,Bill,Infrastructure : Acquisition costs - Infra,"21,645.00 ",0.00 ,Pending Approval,Land Acquisition - Legal Fees,
Nexus Bastion Holdings LLC,"Trapp Law Firm, PC",1220,7/31/2026,8/30/2026,Jul 2026,Bill,Infrastructure : Acquisition costs - Infra,"11,115.00 ",0.00 ,Pending Approval,Infrastructure : Acquisition costs - Infra,
Nexus Data Centers Hubbard LLC,CorePhase Enterprises LLC,2025-NEX-001-F003,7/31/2026,8/15/2026,Aug 2026,Bill,Development : Project Management : Project Management Procore,"2,190,326.00 ",0.00 ,Open,Base Fee,
Nexus Alpha I LLC,Post Oak Special Utility District,4709284000-073126,7/31/2026,8/16/2026,Jul 2026,Bill,Operations : Utilities : Utilities Gen,"9,401.70 ",0.00 ,Open,Commercial Invoice,
Nexus Alpha I LLC,Post Oak Special Utility District,4709776479-073126,7/31/2026,8/16/2026,Jul 2026,Bill,Operations : Utilities : Utilities Gen,"21,581.84 ",0.00 ,Open,Commercial Invoice,
"Nexus Data Centers, LLC",Datamation Technologies,4823,7/31/2026,8/10/2026,Jul 2026,Bill,Corporate : IT : Assets,"1,711.27 ","1,711.27 ",Paid In Full,Dell Pro 27 QHD Monitor,8/7/2026
"Nexus Data Centers, LLC",Datamation Technologies,4824,7/31/2026,8/10/2026,Jul 2026,Bill,Corporate : IT : Assets,"51,739.26 ","51,739.26 ",Paid In Full,DELL PRO LAPTOP,8/7/2026
"Nexus Data Centers, LLC",Datamation Technologies,4825,7/31/2026,8/10/2026,Jul 2026,Bill,Corporate : IT : Assets,"13,987.24 ","13,987.24 ",Paid In Full,Dell Pro 27 QHD Monitor,8/7/2026
"Nexus Data Centers, LLC",Datamation Technologies,4826,7/31/2026,8/10/2026,Jul 2026,Bill,Corporate : IT : Services / License,"30,587.50 ","30,587.50 ",Paid In Full,MICROSOFT 365 TENANT MANAGEMENT,8/7/2026
"Nexus Data Centers, LLC",Datamation Technologies,4827,7/31/2026,8/10/2026,Jul 2026,Bill,Corporate : IT : Services / License,"48,300.00 ","48,300.00 ",Paid In Full,MICROSOFT 365 TENANT MANAGEMENT,8/7/2026
"Nexus Data Centers, LLC",Datamation Technologies,4828,7/31/2026,8/10/2026,Jul 2026,Bill,Corporate : IT : Services / License,"47,200.00 ","47,200.00 ",Paid In Full,MICROSOFT 365 TENANT MANAGEMENT,8/7/2026
"Nexus Data Centers, LLC",Datamation Technologies,4830,7/31/2026,8/10/2026,Jul 2026,Bill,Corporate : IT : Services / License,"3,070.88 ","3,070.88 ",Paid In Full,REIMBURSABLE EXPENSES - HOTEL,8/7/2026
"Nexus Data Centers, LLC",Datamation Technologies,4831,7/31/2026,8/10/2026,Jul 2026,Bill,Corporate : IT : Assets,507.11 ,507.11 ,Paid In Full,WAR ROOM TECHNOLOGY,8/7/2026
"Nexus Land Holdings, LLC","AirGas USA, LLC",5526530191,7/31/2026,8/30/2026,Jul 2026,Bill,Infrastructure : Site Services - Infra,7.94 ,0.00 ,Pending Approval,Rent Cyl Ind Small Carbon Dioxide,
"Nexus Land Holdings, LLC","AirGas USA, LLC",5526530354,7/31/2026,8/30/2026,Jul 2026,Bill,Infrastructure : Site Services - Infra,7.94 ,0.00 ,Pending Approval,Rent Cyl Ind Small Carbon Dioxide,
"Nexus Apex Holdings, LLC",Marsh USA LLC,801022285514,7/31/2026,8/30/2026,Jul 2026,Bill,Operations : Insurance,"2,668,008.28 ",0.00 ,Pending Approval,SCS/Convective Storm addition,
"Nexus Land Holdings, LLC",Land ID,92F5A57E-0002,7/31/2026,8/30/2026,Jul 2026,Bill,Corporate : IT : Services / License,"5,923.76 ",0.00 ,Pending Approval,Land id Pro Unlimited Annual,
"Nexus Data Centers, LLC",Signature Aspen,INV131704,7/31/2026,8/30/2026,Jul 2026,Bill,Corporate : Marketing / Branding,"1,569.13 ",0.00 ,Pending Approval,Nexus Business Card,
Nexus Alpha I LLC,Caleb's Corner,1222,8/1/2026,8/16/2026,Aug 2026,Bill,Operations : O&M : O&M Gen,874.93 ,874.93 ,Paid In Full,Reflective Vest,8/14/2026
"Nexus Data Centers, LLC",ANTHROPIC PBC,G7QJRQAW-0114,8/1/2026,8/31/2026,Aug 2026,Bill,Corporate : IT : Services / License,"7,874.65 ",0.00 ,Pending Approval,"Extra usage units, Enterprise plan",
"Nexus Apex Holdings, LLC",Southport Logistics,Southport - Aug Rent,8/1/2026,8/5/2026,Aug 2026,Bill,Development : Construction : Construction Gen,"461,734.12 ",0.00 ,Open,Southport - Aug Rent,
"Nexus Data Centers, LLC",Venara LLC,VEN-013,8/2/2026,8/17/2026,Aug 2026,Bill,Corporate : Workforce,"2,156.44 ",0.00 ,Open,Expenses - July 2026,
"Nexus Apex Holdings, LLC",AFCO Credit Corporation,1180688-080326,8/3/2026,8/23/2026,Aug 2026,Bill,Corporate : Finance,"4,763,888.04 ",0.00 ,Pending Approval,Loan Payment,
Nexus Alpha I LLC,"Rountree Towers, Inc",1181,8/3/2026,8/3/2026,Aug 2026,Bill,Development : Fiber : Fiber Gen,"2,150.00 ",0.00 ,Open,Internet Connection,
"Nexus Data Centers, LLC",Pin Pros Plus,19199,8/3/2026,8/3/2026,Aug 2026,Bill,Corporate : Marketing / Branding,"57,759.38 ",0.00 ,Open,Branded Belt Buckles,
"Nexus Land Holdings, LLC",Uline,211441054,8/3/2026,9/2/2026,Aug 2026,Bill,Infrastructure : Site Services - Infra,"5,084.49 ",0.00 ,Pending Approval,REPLACEMENT TAGS,
"Nexus Data Centers, LLC",Texas Elite Graphics & Signs,42240,8/3/2026,9/2/2026,Aug 2026,Bill,Corporate : Marketing / Branding,127.67 ,0.00 ,Pending Approval,Coroplast Signs,
Nexus Alpha I LLC,Post Oak Special Utility District,4709283200-080326,8/3/2026,8/16/2026,Aug 2026,Bill,Operations : Utilities : Utilities Gen,"8,447.00 ",0.00 ,Open,Commercial Invoice,
"Nexus Data Centers, LLC","Michael Hoops, Attorney at Law, PLLC",520,8/3/2026,9/2/2026,Aug 2026,Bill,Corporate : Legal,"1,804.53 ",0.00 ,Pending Approval,Vincent Kenny - E-3 Petition,
"Nexus Land Holdings, LLC",FDZ Electric,FDZ080326,8/3/2026,8/3/2026,Aug 2026,Bill,Infrastructure : Site Services - Infra,375.00 ,375.00 ,Paid In Full,Service Call,8/7/2026
"Nexus Land Holdings, LLC",R&H Pro Clean,05,8/4/2026,8/4/2026,Aug 2026,Bill,Infrastructure : Site Services - Infra,600.00 ,600.00 ,Paid In Full,Routine Maintenance Clean,8/7/2026
"Nexus Land Holdings, LLC",Fernando Rodriguez,081,8/4/2026,8/19/2026,Aug 2026,Bill,Infrastructure : Site Services - Infra,"5,500.00 ","5,500.00 ",Paid In Full,Install foam insulation,8/14/2026
"Nexus Land Holdings, LLC",Luisa V Savage,11,8/4/2026,8/14/2026,Aug 2026,Bill,Infrastructure : Site Services - Infra,"2,225.89 ","2,225.89 ",Paid In Full,Services 7/16 - 7/31,8/14/2026
"Nexus Data Centers, LLC",Studio Dzo LLC,11386-1,8/4/2026,8/4/2026,Aug 2026,Bill,Corporate : Marketing / Branding,"10,773.10 ","10,773.10 ",Paid In Full,Interior Signage,8/7/2026
"Nexus Data Centers, LLC","Ultera, llc",861,8/4/2026,8/19/2026,Aug 2026,Bill,Corporate : Workforce,"60,000.00 ",0.00 ,Open,Recruiting fees,
"Nexus Data Centers, LLC","Ultera, llc",862,8/4/2026,,Aug 2026,Bill,Corporate,"36,000.00 ",0.00 ,Open,Recruitment fee,
"Nexus Apex Holdings, LLC",John Bailes,JB-INV-3,8/4/2026,8/4/2026,Aug 2026,Bill,Corporate : Workforce,390.00 ,0.00 ,Open,Hubbard PD off-duty officer hours,
"Nexus Apex Holdings, LLC",Mayra Renteria,MR-INV-3,8/4/2026,8/4/2026,Aug 2026,Bill,Corporate : Workforce,130.00 ,0.00 ,Open,Hubbard PD off-duty officer hours,
"Nexus Apex Holdings, LLC",Roger Umanzor,RU - 001,8/4/2026,,Aug 2026,Bill,Development : Construction : Construction Gen,"26,000.00 ",0.00 ,Open,Land Access Payment,
"Nexus Data Centers, LLC",CT LIEN SOLUTIONS,04375511,8/5/2026,9/4/2026,Aug 2026,Bill,Corporate : Legal,60.00 ,0.00 ,Pending Approval,Termination Filing,
"Nexus Apex Holdings, LLC",Texas Elite Graphics & Signs,42253,8/5/2026,9/4/2026,Aug 2026,Bill,Operations : O&M : O&M Gen,"29,371.58 ",0.00 ,Pending Approval,Signage,
"Nexus Apex Holdings, LLC",Datasite LLC,INV-961574,8/5/2026,9/4/2026,Aug 2026,Bill,Corporate : Finance,"30,542.30 ",0.00 ,Pending Approval,01-Jul-26 to 31-Jul-26,
"Nexus Hubbard Power, LLC",Global Foodcraft,27416,8/6/2026,8/6/2026,Aug 2026,Bill,Development : Asset Procurement : Asset Procurement Gen,"281,650.08 ","281,650.08 ",Paid In Full,Everllence Tent,8/4/2026
Nexus Alpha I LLC,"Rountree Towers, Inc",1200,8/7/2026,8/7/2026,Aug 2026,Bill,Development : Fiber : Fiber Gen,"10,290.17 ",0.00 ,Pending Approval,Equipment & Materials,
Nexus Alpha I LLC,"Rountree Towers, Inc",1201,8/7/2026,8/7/2026,Aug 2026,Bill,Development : Fiber : Fiber Gen,"25,239.14 ",0.00 ,Pending Approval,Equipment & Materials,
"Nexus Data Centers, LLC",Oracle NetSuite,2565363,8/8/2026,9/10/2026,Aug 2026,Bill,Corporate : IT : Services / License,588.60 ,0.00 ,Pending Approval,NetSuite General Access Cloud  Service User,
"Nexus Data Centers, LLC",Oracle NetSuite,2566125,8/8/2026,9/7/2026,Aug 2026,Bill,Corporate : IT : Services / License,"1,181.98 ",0.00 ,Pending Approval,NetSuite General Access Cloud  Service User,
"Nexus Data Centers, LLC",Business Branders LLC,10132,8/10/2026,9/9/2026,Aug 2026,Bill,Corporate : Marketing / Branding,"2,608.78 ",0.00 ,Pending Approval,Mercer+Mettle® Everyday Performance  Polo,
"Nexus Apex Holdings, LLC",Texas Elite Graphics & Signs,42270,8/10/2026,9/9/2026,Aug 2026,Bill,Operations : O&M : O&M Gen,"14,375.60 ",0.00 ,Pending Approval,Signage,
"Nexus Data Centers, LLC",Texas Elite Graphics & Signs,42277,8/10/2026,9/9/2026,Aug 2026,Bill,Corporate : Marketing / Branding,447.18 ,0.00 ,Pending Approval,Stickers,
"Nexus Land Holdings, LLC",R&H Pro Clean,06,8/11/2026,,Aug 2026,Bill,Infrastructure : Site Services - Infra,600.00 ,600.00 ,Paid In Full,Weekly Maintenance,8/14/2026
"Nexus Data Centers, LLC",Holland & Knight LLP,34012174,8/11/2026,8/11/2026,Aug 2026,Bill,Corporate : Legal,"29,152.50 ",0.00 ,Open,Tenant Lease - Anthropic,
Nexus Alpha I LLC,Commonwealth Land Title Insurance Company,401056NA,8/11/2026,8/11/2026,Aug 2026,Bill,Corporate : Finance,"30,742,863.90 ",0.00 ,Pending Approval,Loan Policy Premiums,
"Nexus Data Centers, LLC","Sixthriver, Inc",00033776,8/12/2026,9/11/2026,Aug 2026,Bill,Corporate : HQ / Office,"2,285.00 ",0.00 ,Pending Approval,"Services through July 31, 2026",
"Nexus Data Centers, LLC",Butler Snow LLP,10539595,8/12/2026,8/12/2026,Aug 2026,Bill,Corporate : Legal,"56,398.00 ",0.00 ,Pending Approval,"Services Rendered Through July 31, 2026",
Nexus Alpha I LLC,Global Foodcraft,27507,8/12/2026,8/12/2026,Aug 2026,Bill,Development : Site Services : Site Services Gen,"195,701.39 ",0.00 ,Pending Approval,40% deposit,
Nexus Alpha I LLC,John Bailes,JB-INV-4,8/12/2026,8/12/2026,Aug 2026,Bill,Corporate : Workforce,520.00 ,0.00 ,Pending Approval,Hubbard PD off-duty officer hours,
Nexus Alpha I LLC,Matthew B Cosper,MC-INV-3,8/12/2026,8/12/2026,Aug 2026,Bill,Corporate : Workforce,325.00 ,0.00 ,Pending Approval,Hubbard PD off-duty officer hours,
Nexus Alpha I LLC,"Jarvis-Paris-Murphy Co., Inc.",56033,8/13/2026,8/13/2026,Aug 2026,Bill,Operations : Utilities : Utilities Gen,600.00 ,0.00 ,Open,Tower Rent at Magnolia Manor (August),
Nexus Alpha I LLC,Mayra Renteria,MR-INV-2,8/13/2026,,Aug 2026,Bill,Corporate : Workforce,390.00 ,390.00 ,Paid In Full,Hubbard off duty PD,7/31/2026
Nexus Data Centers Hubbard LLC,CorePhase Enterprises LLC,2025-NEX-001-F004,8/31/2026,9/15/2026,Aug 2026,Bill,Development : Project Management : Project Management Procore,"2,692,473.00 ",0.00 ,Open,Base Fee,
"Nexus Apex Holdings, LLC",Southport Logistics,Southport - Sept Rent,9/1/2026,9/1/2026,Sep 2026,Bill,Development : Construction : Construction Gen,"461,734.12 ",0.00 ,Pending Approval,Southport - Sept Rent,
Nexus Data Centers Hubbard LLC,CorePhase Enterprises LLC,2025-NEX-001-F005,9/30/2026,10/15/2026,Sep 2026,Bill,Development : Project Management : Project Management Procore,"3,500,214.00 ",0.00 ,Open,Base Fee,
Nexus Data Centers Hubbard LLC,CorePhase Enterprises LLC,2025-NEX-001-F006,10/31/2026,11/15/2026,Oct 2026,Bill,Development : Project Management : Project Management Procore,"4,192,564.00 ",0.00 ,Open,Base Fee,
Nexus Data Centers Hubbard LLC,CorePhase Enterprises LLC,2025-NEX-001-F007,11/30/2026,12/15/2026,Nov 2026,Bill,Development : Project Management : Project Management Procore,"4,807,987.00 ",0.00 ,Open,Base Fee,
Nexus Data Centers Hubbard LLC,CorePhase Enterprises LLC,2025-NEX-001-F008,12/31/2026,1/15/2027,Dec 2026,Bill,Development : Project Management : Project Management Procore,"5,269,553.00 ",0.00 ,Open,Base Fee,
PROJECT APEX - DataCo,Michels Infrastructure Solutions,01 29 73-01 29 73-MIS-CON-0005-001,7/16/2026,,,Procore Open,,,,Procore Open,OSP-INV-MIS-APX-0005-001,
PROJECT APEX - DataCo,Forgen,01 29 73-01 30 00-51.0,7/30/2026,,,Procore Open,,,,Procore Open,Forgen - DataCo and Power Co Billing 03,
PROJECT APEX - DataCo,Bron & Claude,01 29 73-0618,7/15/2026,,,Procore Open,,,,Procore Open,Bron & Claude 25%of Order,
PROJECT APEX - DataCo,Bron & Claude,01 29 73-0626,8/1/2026,,,Procore Open,,,,Procore Open,Bron & Claude- Material Deposit -HB2,
PROJECT APEX - DataCo,Bron & Claude,01 29 73-0629,8/6/2026,,,Procore Open,,,,Procore Open,Bron & Claude-Material Deposit-HB3 ,
PROJECT APEX - DataCo,Bron & Claude,01 29 73-0630,8/10/2026,,,Procore Open,,,,Procore Open,Bron & Claude- 50% Of Order,
PROJECT APEX - DataCo,ICONICX Services,01 29 73-7587,8/11/2026,,,Procore Open,,3144357.3,,Procore Open,Invoice – July 2026 Rapid Mobilization Services,
PROJECT APEX - DataCo,HDR,01 29 73-HDR,8/10/2026,,,Procore Open,,46000,,Procore Open,HDR HB1 CA Invoice #1200853477,
PROJECT APEX - DataCo,HDR,01 29 73-HDR,8/10/2026,,,Procore Open,,124000,,Procore Open,HDR HB1 Invoice #1200852658,
PROJECT APEX - DataCo,HDR,01 29 73-HDR,8/10/2026,,,Procore Open,,92000,,Procore Open,HDR HB3 July Invoice #1200852657,
PROJECT APEX - DataCo,HDR,01 29 73-HDR W/WW/SW,8/10/2026,,,Procore Open,,74000,,Procore Open,"HDR Water, Wastewater, Stormwater Invoice #1200852660",
PROJECT APEX - DataCo,HDR,01 29 73-HDR-4,8/10/2026,,,Procore Open,,112000,,Procore Open,HDR HB2 July Invoice #1200852656,
PROJECT APEX - DataCo,HDR,01 29 73-HDR-RDWY,7/29/2026,,,Procore Open,,,,Procore Open,HDR Rdwy July Invoice #1200847248,
PROJECT APEX - DataCo,HDR,01 29 73-HDR-design_proposal,4/21/2026,,,Procore Open,,,,Procore Open,INV-HDR: Design Proposal for HB2,
PROJECT APEX - DataCo,Industrial Electrical Supply,01 29 73-IES-26791,7/24/2026,,,Procore Open,,,,Procore Open,Invoice 26791: 30% COMMENCEMENT PHYSICAL FABRICATION (HB2 LV SWBS) NEXUS PO 1034,
PROJECT APEX - DataCo,Industrial Electrical Supply,01 29 73-IES-26792,7/24/2026,,,Procore Open,,,,Procore Open,Invoice 26792: 30% COMMENCEMENT PHYSICAL FABRICATION (HB2 MV SWITCHGEAR) NEXUS PO 1037,
PROJECT APEX - DataCo,Industrial Electrical Supply,01 29 73-IES-26793,7/24/2026,,,Procore Open,,,,Procore Open,Invoice 26793: 30% COMMENCEMENT PHYSICAL FABRICATION (HB2 LV ATS) NEXUS PO 1043,
PROJECT APEX - DataCo,Industrial Electrical Supply,01 29 73-IES-26875,8/3/2026,,,Procore Open,,,,Procore Open,Invoice 26875: 30% PO EXECUTION FOR HB1 125VDC (NEXUS PO 1040),
PROJECT APEX - DataCo,Industrial Electrical Supply,01 29 73-IES-26876,8/3/2026,,,Procore Open,,,,Procore Open,Invoice 26876: 30% PO EXECUTION FOR HB2 125VDC (NEXUS PO 1042),
PROJECT APEX - DataCo,Industrial Electrical Supply,01 29 73-IES-26914,8/5/2026,,,Procore Open,,,,Procore Open,Invoice 26914: 30% COMMENCEMENT PHYSICAL FABRICATION (HB3&4 MV TRANSFORMERS) NEXUS PO 1047,
PROJECT APEX - DataCo,Industrial Electrical Supply,01 29 73-IES-26916,8/5/2026,,,Procore Open,,,,Procore Open,Invoice 26301: 10% DELIVERY ACCEPTANCE AT JOBSITE (NEXUS PO 1003),
PROJECT APEX - DataCo,Industrial Electrical Supply,01 29 73-IES-26917,8/5/2026,,,Procore Open,,,,Procore Open,Invoice 26917: 10% DELIVERY ACCEPTANCE AT JOBSITE LV SWBS (NEXUS PO 1010),
PROJECT APEX - DataCo,Industrial Electrical Supply,01 29 73-IES-26964,8/10/2026,,,Procore Open,,,,Procore Open,Invoice 26964: 30% COMMENCEMENT PHYSICAL FABRICATION (HB2 UPS) NEXUS PO 1036R,
PROJECT APEX - DataCo,Industrial Electrical Supply,01 29 73-IES-26967,8/10/2026,,,Procore Open,,,,Procore Open,Invoice 26967: 10% DELIVERY ACCEPTANCE AT JOBSITE 100AMP ATS (NEXUS PO 1013),
PROJECT APEX - DataCo,Industrial Electrical Supply,01 29 73-IES-26971,8/10/2026,,,Procore Open,,,,Procore Open,Invoice 26971: 30% READINESS FOR SHIPMENT (HB2 BUSWAY) NEXUS PO 1026,
PROJECT APEX - DataCo,Salute Commissions,01 29 73-INV20776,8/6/2026,,,Procore Open,,,,Procore Open,Invoice INV20776 - July 2026 Initial Services Labor,
PROJECT APEX - DataCo,Advantic,01 29 73-LNTP Invoice #1,8/5/2026,,,Procore Open,,,,Procore Open,LNTP Invoice #1,
PROJECT APEX - DataCo,Michels Infrastructure Solutions,01 29 73-MIS-APX-0005-002,8/10/2026,,,Procore Open,,,,Procore Open,INV-MIS-APX-0005-002,
PROJECT APEX - DataCo,Terracon,01 29 73-TER-19259,8/5/2026,,,Procore Open,,,,Procore Open,TER-INV-19259-Materials Testing and Lab Services-April to June,
PROJECT APEX - DataCo,Yates,01 29 73-WGY-5302601-07,8/6/2026,,,Procore Open,,,,Procore Open,WGY Pay Application 5302601-07 dated 08.05.2026,
PROJECT APEX - DataCo,CorePhase,01 29 73-WGY-PC-05,8/10/2026,,,Procore Open,,,,Procore Open,CorePhase Invoice: 2025-NEX-001-009,
PROJECT APEX - DataCo,Yates,01 29 73-WGY-PC-05,7/28/2026,,,Procore Open,,2140466,,Procore Open,WGY 53026-01 PC-05; Preconstruction Pay Application,
PROJECT APEX - DataCo,Carrier,01 29 73-WGY-PC-11,7/17/2026,,,Procore Open,,242581217.8,,Procore Open,Carrier Invoice 910546068 = PO 1019R 1027R 1032R,
PROJECT APEX - DataCo,Carrier,01 29 73-WGY-PC-12,7/22/2026,,,Procore Open,,261143,,Procore Open,CARRIER INV 910577280,
PROJECT APEX - DataCo,Carrier,01 29 73-WGY-PC-14,7/31/2026,,,Procore Open,,900219.99,,Procore Open,Carrier Invoice 910649269,
PROJECT APEX - DataCo,Vision Texas,01 29 73-WGY-PC-15,8/3/2026,,,Procore Open,,488205,,Procore Open,VIS Houston Texas Invoice #2588,
PROJECT APEX - DataCo,Carrier,01 29 73-WGY-PC-16,8/5/2026,,,Procore Open,,410654,,Procore Open,Carrier Invoice 910664193 PO 1032,
PROJECT APEX - DataCo,Carrier,01 29 73-WGY-PC-17,8/6/2026,,,Procore Open,,188203,,Procore Open,Carrier Invoice 910680503 = 70pct Deliveries through 106th chiller PO 1019 1054,
PROJECT APEX - DataCo,HDR,01 29 73-WGY-PC-18,8/7/2026,,,Procore Open,,,,Procore Open,10462171 Nexus_DataCo HB3/HB4 Load substations Power Invoice and Progress report,
PROJECT APEX - PowerCo,EXP US Services,01 29 73-01 29 73-EXP_US-163296,7/8/2026,,,Procore Open,,805213.3,,Procore Open,"EXP US Services, Inc Invoice(Feb 28, 2026 - Mar 13, 2026)",
PROJECT APEX - PowerCo,EXP US Services,01 29 73-166373-1A,8/4/2026,,,Procore Open,,6686473.65,,Procore Open,EXP US INV Revised invoice 166373-1A Power Design,
PROJECT APEX - PowerCo,EXP US Services,01 29 73-166373-2A,8/4/2026,,,Procore Open,,,,Procore Open,Revised invoice 166373-2A-DATACO,
PROJECT APEX - PowerCo,ATCO,01 29 73-ATCO-01,7/14/2026,,,Procore Open,,,,Procore Open,ATCO INV 7 Plex Recurring Lease ,
PROJECT APEX - PowerCo,ATCO,01 29 73-ATCO-02,7/14/2026,,,Procore Open,,60039,,Procore Open,ATCO INV 11 Plex Recurring,
PROJECT APEX - PowerCo,ATCO,01 29 73-ATCO-03,7/14/2026,,,Procore Open,,,,Procore Open,ATCO INV Delivery/Install/Pro-Rated Lease 12x60  Invoice,
PROJECT APEX - PowerCo,ATCO,01 29 73-ATCO-04,7/15/2026,,,Procore Open,,,,Procore Open,ATCO INV Delivery Install/Pro-rated Lease Invoice,
PROJECT APEX - PowerCo,ATCO,01 29 73-ATCO-05,7/14/2026,,,Procore Open,,,,Procore Open,ATCO INV Recurring Lease 12x60,
PROJECT APEX - PowerCo,ATCO,01 29 73-ATCO-06,7/15/2026,,,Procore Open,,9771.5,,Procore Open,ATCO INV Delivery/Install/Pro-Rated Lease Invoice ,
PROJECT APEX - PowerCo,Allied Universal Security Services,01 29 73-AUS-3,8/12/2026,,,Procore Open,,,,Procore Open,AUS INV Security Services - 05/29/2026 - 06/25/2026,
PROJECT APEX - PowerCo,Allied Security,01 29 73-AUS-4,8/11/2026,,,Procore Open,,20210.05,,Procore Open,Allied Universal Security Invoice 18789171 ,
PROJECT APEX - PowerCo,Allied Security,01 29 73-AUS-5,8/11/2026,,,Procore Open,,,,Procore Open,AUS INV 18755046,
PROJECT APEX - PowerCo,"Industrial Project Innovation, LLC",01 29 73-AVS-4,7/23/2026,,,Procore Open,,,,Procore Open,Payment Request #1146 (Wellness Tent's Audio Video),
PROJECT APEX - PowerCo,AVS Texas,01 29 73-AVS-5,7/30/2026,,,Procore Open,,2213777,,Procore Open,Payment Request (invoice #Q2032) Balance Forward for Proposal #1800 Temp. Facilities Upgrade,
PROJECT APEX - PowerCo,Creatum Energy,01 29 73-CRE-260724_001,7/24/2026,,,Procore Open,,1577024.25,,Procore Open,Creatum Energy July Engineering Invoice_260724_001,
PROJECT APEX - PowerCo,Creatum Energy,01 29 73-CRE-260724_002,7/24/2026,,,Procore Open,,261361.48,,Procore Open,Creatum Energy Control Building Invoice_260724_002,
PROJECT APEX - PowerCo,Creatum Energy,01 29 73-CRE-260724_003,7/24/2026,,,Procore Open,,,,Procore Open,Creatum Energy BESS Invoice_260724_003,
PROJECT APEX - PowerCo,DG Matrix,01 29 73-DGM-01,8/11/2026,,,Procore Open,,,,Procore Open,DGM INV 01 - August Invoice 1857,
PROJECT APEX - PowerCo,EquipmentShare,01 29 73-EQS INV 189392-06-26-09,7/1/2026,,,Procore Open,,,,Procore Open,EQS INV 189392-06-26-09,
PROJECT APEX - PowerCo,EquipmentShare,01 29 73-EQS INV 189392-07-26-12,8/10/2026,,,Procore Open,,,,Procore Open,EQS INV 189392-07-26-12,
PROJECT APEX - PowerCo,EquipmentShare,01 29 73-EQS INV 7182898-000-10,7/21/2026,,,Procore Open,,,,Procore Open,EQS INV 7182898-000-10,
PROJECT APEX - PowerCo,EquipmentShare,01 29 73-EQS INV 7377023-000-13,8/11/2026,,,Procore Open,,,,Procore Open,EQS INV 7377023-000-13,
PROJECT APEX - PowerCo,Everllence,01 29 73-EVR 6803743,7/27/2026,,,Procore Open,,,,Procore Open,EVR  INV 6803743 - Change Order 004 - Profinet CCP ,
PROJECT APEX - PowerCo,Everllence,01 29 73-EVR-6803748,7/27/2026,,,Procore Open,,,,Procore Open,EVR Pro Rata Invoice 6803748,
PROJECT APEX - PowerCo,Everllence,01 29 73-EVR-6803759,7/31/2026,,,Procore Open,,,,Procore Open,EVR Pro Rata Invoice 6803759,
PROJECT APEX - PowerCo,Everllence,01 29 73-EVR-6803761,8/7/2026,,,Procore Open,,,,Procore Open,EVR INV Pro Rata Invoice 6803761,
PROJECT APEX - PowerCo,Everllence,01 29 73-EVR-6803763,8/7/2026,,,Procore Open,,,,Procore Open,EVR INV Pro Rata Invoice 6803763,
PROJECT APEX - PowerCo,EXP US Services,01 29 73-EXP-008,8/11/2026,,,Procore Open,,,,Procore Open, EXP INV MV GRID BUILDING (POWER PHASE 1A (800MW/HB1/2)),
PROJECT APEX - PowerCo,"EXP Energy Services, Inc.",01 29 73-EXP-06202613,7/23/2026,,,Procore Open,,,,Procore Open,Project Apex June period invoice 06202613,
PROJECT APEX - PowerCo,EXP US Services,01 29 73-EXPUS-166373,7/21/2026,,,Procore Open,,,,Procore Open,"EXP US INV 166373, Rate schedule and contracts ",
PROJECT APEX - PowerCo,Foster Fence Ltd,01 29 73-FF - INV 141181,7/31/2026,,,Procore Open,,,,Procore Open,FF INV JULY INVOICE 141181,
PROJECT APEX - PowerCo,Honeywell,01 29 73-HON-5273452670,7/27/2026,,,Procore Open,,,,Procore Open,HON INV 5273452670,
PROJECT APEX - PowerCo,Honeywell,01 29 73-HW-7,8/10/2026,,,Procore Open,,,,Procore Open,HON INV 5273578471,
PROJECT APEX - PowerCo,IPI Accounting,01 29 73-IPI-013,8/12/2026,,,Procore Open,,,,Procore Open,IPI Invoice: Nexus-013 June 2026_Ammendment_004,
PROJECT APEX - PowerCo,IPI Accounting,01 29 73-IPI-Prebill002,8/12/2026,,,Procore Open,,,,Procore Open,Project Invoice_Nexus_July 2026 Prebill,
PROJECT APEX - PowerCo,International SOS,01 29 73-ISOS INV 01 IMUE270092,8/12/2026,,,Procore Open,,,,Procore Open,ISOS INV 02 IMUE270092,
PROJECT APEX - PowerCo,Kwant Badging,01 29 73-Kwant-2026-116,7/28/2026,,,Procore Open,,,,Procore Open,KWANT INVOICE 2026-116,
PROJECT APEX - PowerCo,Kwant Badging,01 29 73-Kwant-2026-126,8/5/2026,,,Procore Open,,,,Procore Open,Inv. 2026-126- Badges- APEX project,
PROJECT APEX - PowerCo,Maverick Constructors,01 29 73-MAVCO-1159,8/12/2026,,,Procore Open,,,,Procore Open,MAVCO-PAY APP-1159 Pay Request,
PROJECT APEX - PowerCo,Muddy Boots Contracting,01 29 73-MBC -003,8/12/2026,,,Procore Open,,,,Procore Open,MBC INV - Demo 444 Hwy 171,
PROJECT APEX - PowerCo,Muddy Boots Contracting,01 29 73-MBC-001,8/11/2026,,,Procore Open,,,,Procore Open,MBC INV - Demo 971 HCR 3369,
PROJECT APEX - PowerCo,Muddy Boots Contracting,01 29 73-MBC-002,8/11/2026,,,Procore Open,,,,Procore Open,MBC INV - Demo 656 Hwy 171,
PROJECT APEX - PowerCo,Muddy Boots Contracting,01 29 73-MBC-004,8/12/2026,,,Procore Open,,,,Procore Open,MBC INV - Demo 175 HCR 3371,
PROJECT APEX - PowerCo,Muddy Boots Contracting,01 29 73-MBC-005,8/12/2026,,,Procore Open,,,,Procore Open,MBC INV - Demo 153 HCR 3371,
PROJECT APEX - PowerCo,NAES,01 29 73-NAES-4117,8/7/2026,,,Procore Open,,,,Procore Open,INV NAES-IN0000041171R1,
PROJECT APEX - PowerCo,NAES,01 29 73-NAES-41171,8/4/2026,,,Procore Open,,,,Procore Open,INV NAES-IN0000041171,
PROJECT APEX - PowerCo,Primoris Energy Services Corporation,01 29 73-PES-43427-012,7/17/2026,,,Procore Open,,,,Procore Open,Prim Invoice 43427-12,
PROJECT APEX - PowerCo,Primoris Energy Services Corporation,01 29 73-PES-43427-013,7/17/2026,,,Procore Open,,,,Procore Open,Prim Invoice 43427-13,
PROJECT APEX - PowerCo,Primoris Energy Services Corporation,01 29 73-PES-43427-014,7/29/2026,,,Procore Open,,,,Procore Open,PRIM INV 43427-14,
PROJECT APEX - PowerCo,Primoris Energy Services Corporation,01 29 73-PES-43427-015,7/29/2026,,,Procore Open,,,,Procore Open,PRIM INV 43427-15,
PROJECT APEX - PowerCo,Primoris Energy Services Corporation,01 29 73-PES-43427-16,8/4/2026,,,Procore Open,,,,Procore Open,PRIM Invoice 43427-16,
PROJECT APEX - PowerCo,Primoris Energy Services Corporation,01 29 73-PES-43427-17,8/5/2026,,,Procore Open,,,,Procore Open,Prim Invoice 43427-17,
PROJECT APEX - PowerCo,Primoris Energy Services Corporation,01 29 73-PES-43427-18,8/4/2026,,,Procore Open,,,,Procore Open,Prim Invoice 43427-18,
PROJECT APEX - PowerCo,Primoris Energy Services Corporation,01 29 73-PES-43427-19,8/4/2026,,,Procore Open,,,,Procore Open,Prim Invoice 43427-19,
PROJECT APEX - PowerCo,Primoris Energy Services Corporation,01 29 73-PES-43427-20,8/5/2026,,,Procore Open,,,,Procore Open,PRIM Invoice 43427-20,
PROJECT APEX - PowerCo,Primoris Energy Services Corporation,01 29 73-PES-43427-21,8/4/2026,,,Procore Open,,,,Procore Open,Prim Invoice 43427-21,
PROJECT APEX - PowerCo,Primoris Energy Services Corporation,01 29 73-PES-43427-23,8/4/2026,,,Procore Open,,,,Procore Open,Prim Invoice 43427-23,
PROJECT APEX - PowerCo,Primoris Energy Services Corporation,01 29 73-PES-43427-24,8/5/2026,,,Procore Open,,,,Procore Open,Prim Invoice 43427-24,
PROJECT APEX - PowerCo,Primoris Energy Services Corporation,01 29 73-PES-43427-25,8/5/2026,,,Procore Open,,,,Procore Open,PRIM Invoice 43427-25,
PROJECT APEX - PowerCo,Primoris Energy Services Corporation,01 29 73-PES-43427-26,8/4/2026,,,Procore Open,,,,Procore Open,PRIM Invoice 43427-26,
PROJECT APEX - PowerCo,Primoris Energy Services Corporation,01 29 73-PES-43427-27,8/5/2026,,,Procore Open,,,,Procore Open,Prim Invoice 43427-27,
PROJECT APEX - PowerCo,Primoris Energy Services Corporation,01 29 73-PES-43427-28,8/4/2026,,,Procore Open,,,,Procore Open,PRIM Invoice 43427-28,
PROJECT APEX - PowerCo,Primoris Energy Services Corporation,01 29 73-PES-43427-29,8/5/2026,,,Procore Open,,,,Procore Open,Prim Invoice 43427-29,
PROJECT APEX - PowerCo,Primoris Energy Services Corporation,01 29 73-PRIM -50259001-8,7/29/2026,,,Procore Open,,,,Procore Open,PRIM INV 50259001-8 July,
PROJECT APEX - PowerCo,Sourceblue,01 29 73-SBL-2026-05,7/30/2026,,,Procore Open,,,,Procore Open,SourceBlue Procurement - Payment Application No.5 (June 2026),
PROJECT APEX - PowerCo,Tellepsen,01 29 73-TEL-06,7/6/2026,,,Procore Open,,,,Procore Open,Tellepsen May Pay Application (PowerCo),
PROJECT APEX - PowerCo,Tellepsen,01 29 73-TEL-08,7/6/2026,,,Procore Open,,,,Procore Open,Tellepsen May Pay Application (DataCo),
PROJECT APEX - PowerCo,Tellepsen,01 29 73-TEL-09,7/27/2026,,,Procore Open,,,,Procore Open,Tellepsen June Pay Application (PowerCo),
PROJECT APEX - PowerCo,Tellepsen,01 29 73-TEL-10,7/27/2026,,,Procore Open,,,,Procore Open,Tellepsen June Pay Application (Batch Plant Operations),
PROJECT APEX - PowerCo,Tellepsen,01 29 73-TEL-7,7/6/2026,,,Procore Open,,,,Procore Open,Tellepsen May Pay Application (Batch Plant Operations),
PROJECT APEX - PowerCo,Terracon,01 29 73-TER-19113,8/5/2026,,,Procore Open,,,,Procore Open,TER-INV-19113-Material Testing and Lab Services-April to June,
PROJECT APEX - PowerCo,Total Office Solutions,01 29 73-TOS-02,8/5/2026,,,Procore Open,,,,Procore Open,"TOS INV balance due for 345-Complex, Primoris and Yates ",
PROJECT APEX - PowerCo,WR Utilities,01 29 73-WRU INV 3,8/3/2026,,,Procore Open,,,,Procore Open,"WRU INV 3 - Berm, 3 acre Pad, Spillway, Pond Pump, Culverts, Pond Remediation, Tree Trimming ",
PROJECT APEX - PowerCo,WTG Gas Transmission Company,01 29 73-WTG-HUB-001,7/23/2026,,,Procore Open,,,,Procore Open,WTG-HUB-001 - Hubbard Lateral Q3 2026 Construction Draw,
PROJECT APEX - PowerCo,WTG Gas Transmission Company,01 29 73-WTG-MAY-001,7/23/2026,,,Procore Open,,,,Procore Open,WTG-MAY-001 - Maypearl Lateral Q3 2026 Construction Draw,
PROJECT APEX - PowerCo,NAES,01 29 73-WTG-MAY-003,8/6/2026,,,Procore Open,,,,Procore Open,INV 07-26 HQ NAES-IN0000040615,
PROJECT APEX - PowerCo,Maverick Constructors,01 29 73-WTG-MAY-004,8/12/2026,,,Procore Open,,,,Procore Open,Mavco-Nexus Pay App-1170-WTG-MAY-004,
PROJECT APEX - PowerCo,"EXP Energy Services, Inc.",01 29 73-WTG-MAY-005,8/12/2026,,,Procore Open,,,,Procore Open,07202618 EXP July invoice for Project Apex ,
Project Bastion,"EXP Energy Services, Inc.",01 29 73-EXP-1,6/29/2026,,,Procore Open,,,,Procore Open,05202615 EXP May invoice for Bastion ,
Project Bastion,"EXP Energy Services, Inc.",01 29 73-EXP-2,7/23/2026,,,Procore Open,,,,Procore Open,Bastion Data Center Invoice 06202614,
Project Concord,Michels Infrastructure Solutions,01 29 73-MIS-APX-0007-0002,8/4/2026,,,Procore Open,,,,Procore Open,INV-MIS-APX-0007-0002,
Project Concord,Michels Infrastructure Solutions,01 29 73-MIS-CON-0003-001,7/13/2026,,,Procore Open,,,,Procore Open,INV-MIS-CON-0003-0001,
Project Concord,Michels Infrastructure Solutions,01 29 73-MIS-CON-0003-002,8/4/2026,,,Procore Open,,,,Procore Open,INV-MIS-CON-0003-002,
Project Concord,Michels Infrastructure Solutions,01 29 73-MIS-CON-0004-0004,8/4/2026,,,Procore Open,,,,Procore Open,INV-MIS-CON-0004-0004,
Project Concord,Michels Infrastructure Solutions,01 29 73-MIS-CON-0004-003,7/13/2026,,,Procore Open,,,,Procore Open,INV-MIS-CON-0004-003,
Project Concord,Michels Infrastructure Solutions,01 29 73-MIS-CON-0004-004,7/13/2026,,,Procore Open,,,,Procore Open,INV-MIS-OSP-0008-001,
Project Concord,Michels Infrastructure Solutions,01 29 73-MIS-CON-0004-005,7/13/2026,,,Procore Open,,,,Procore Open,OSP INV-MIS-APX-0007-001,
Project Concord,Michels Infrastructure Solutions,01 29 73-MIS-CON-0008-0002,8/4/2026,,,Procore Open,,,,Procore Open,INV-MIS-CON-0008-0002,
